0,0,0,0,0
0,500.621,10.273,0,4.395
0,500,10.239,1,3
0,499.5,10,2,2
0,499.158,10.158,3,2
0,499.5,10,4,2
0,498.881,10.881,5,2
0,498.324,11.062,6,3
0,498.315,11.899,7,2
0,498.463,11.537,8,2
1,218.781,149.602,0,2
1,218.677,150.677,1,2
1,219.239,151,3,2
1,219.761,152,4,2
1,219.323,152.323,5,2
1,219.323,153.677,7,2
1,219.448,154.448,8,2
2,264.5,171,0,2
2,264.119,170.881,1,2
2,263.101,170.685,2,3
2,263.463,170.463,3,2
2,263,170.728,4,2
2,262.5,171,5,3
2,262.832,171,6,3
2,264,171.832,7,3
2,264,172.5,8,2
2,264.781,172.602,9,2
2,265,173.5,10,2
2,264.542,173.342,11,3
2,263.748,173.456,12,3
2,264.185,172.567,13,2
2,263.537,172.537,14,2
3,408,260.832,0,3
3,407.852,261.102,1,3
3,408,261.5,2,3
3,408.458,261.342,3,2
3,408.385,261.385,4,3
3,409,261,5,3
3,409,261.5,6,2
3,408,261.5,7,2
4,97.239,320,0,2
4,97.761,321,1,2
4,98,321,3,2
4,98,321,4,2
4,98.448,321.448,5,2
4,99.448,320.552,6,2
4,98.448,321.448,7,2
5,409,261.5,6,2
5,408,261.5,7,2
5,408,261,8,3
5,408.119,261.119,9,2
5,408.448,261.448,10,3
5,408.448,261.448,11,2
5,408.5,261,12,2
5,409.196,260.663,13,2
5,408.5,261,14,2
5,408,261.5,15,2
6,98.552,321.552,5,3
6,99.552,320.552,6,2
6,98.552,321.552,7,2
7,98.552,321.448,5,2
7,99.552,320.448,6,3
7,98.552,321.448,7,2
7,99,321.239,8,2
7,99,320.761,9,2
7,100.239,320,10,2
7,100.448,319.552,11,2
7,100.448,320.552,12,4.506
8,498.463,11.463,8,2
8,498.5,11,9,2
8,499.101,10.685,10,3
8,499,10.728,11,2
8,497.843,10.95,12,3
8,498.463,10.537,13,3
9,498.537,10.463,13,2
9,498.5,10,14,3
10,498.463,10.463,13,3
10,498.5,10,14,3
10,498.728,10,15,3
10,498.168,11,16,3
10,499.101,11.315,17,3
10,499.881,11.881,18,3
10,500.5,12,19,2
10,501.168,12,20,3
10,502.168,12,21,3
10,502,12.168,22,3
10,502,12,23,3
10,502.537,12.463,24,2
10,502.537,13.463,25,2
10,502,13.5,26,4.395
10,502.685,13.101,27,2
10,503.463,13.463,28,3
11,408.552,261.448,10,2
11,408.552,261.448,11,3
11,408.5,261,12,2
11,408.5,261,14,2
11,408,261.5,15,2
11,408,261.419,16,4.395
11,408,261,17,4.431
11,409,261,18,3
11,407.323,260.677,19,3
11,408.168,261,20,3
11,408.395,260.796,21,4.374
11,407.959,261.266,22,2
11,408.685,261.101,23,2
11,408.881,261.119,24,2
11,408.395,261.204,25,2
11,408.842,260.842,26,3
11,408.272,261,27,3
11,408.444,261.465,28,2
11,408.158,261.158,29,2
11,408.25,261.802,30,3
11,409,261,31,2
11,408.556,261.465,32,2
12,100.552,319.448,11,2
12,100.552,320.448,12,2
12,101,319.761,14,2
12,101.219,320.398,15,2
12,101,321.239,17,2
12,100.552,320.552,18,2
13,263.537,172.463,14,2
13,264,171.728,15,2
13,264,171.5,16,2
13,263.219,171.602,17,2
13,263.748,171.544,18,3
13,263,171.272,19,2
13,262.5,171,20,3
13,262.832,171,21,3
13,263.315,171.101,22,2
13,263.499,171.165,23,3
14,408.552,261.552,10,3
14,408.552,261.552,11,2
15,408.448,261.552,10,2
15,408.448,261.552,11,2
16,219.677,153.323,18,2
16,219.677,152.677,19,2
16,219.677,154.323,20,2
17,100.448,320.448,18,3
17,100,320.239,19,2
18,498.537,11.463,8,2
18,498.5,11,9,2
19,263.501,171.165,23,2
19,264.272,171,24,3
19,264.272,170,25,2
19,264,170,26,3
19,264,169.5,27,2
19,264,169.5,28,2
20,100.552,319.552,11,2
20,100.552,320.552,12,3
21,100.448,319.448,11,3
21,100.448,320.448,12,2
22,264,169.5,27,2
22,264,169.5,28,2
22,264,169.5,29,2
23,100.552,322.552,27,3
23,100.677,322.677,28,2
24,503.537,13.537,28,3
24,504,14,29,3
24,504.238,14.66,30,3
24,504.101,14.685,31,3
24,503.658,14.542,32,4.431
24,505,14.168,33,3
24,505.685,13.101,34,2
24,506.556,13.465,35,3
24,506.463,13.463,36,2
24,505.615,13.615,37,3
24,506,14.168,38,3
24,506,14,39,3
24,506.463,13.463,40,2
25,99.677,322.677,26,2
25,100.448,322.552,27,2
26,408.444,261.465,32,4.048
26,408.337,261.196,33,3
26,408.5,261,34,2
26,408.315,261.899,35,2
26,408,261.5,36,2
26,408.315,261.101,37,2
26,409,261,38,3
26,408,261,39,3
26,408.778,261.185,40,2
26,408.552,261.448,41,4.506
27,100,324,31,2
27,100.272,325,32,3
27,101.219,325.398,33,2
27,101,324.761,34,2
27,101.677,324.323,35,2
28,262.448,169.448,33,2
28,261.761,169,34,2
28,262.448,168.552,35,2
29,219.552,153.552,24,3
29,219.552,153.552,25,2
30,219.448,153.552,24,2
30,219.448,153.552,25,3
31,219.552,153.448,24,2
31,219.552,153.448,25,3
32,219.448,153.448,24,3
32,219.448,153.448,25,2
33,262.448,168.448,35,2
33,261.881,167.881,36,2
33,262,167.5,37,2
33,261.881,167.119,38,2
33,261.5,166,39,2
33,261.272,166,40,2
33,261.5,165,41,2
33,262,166.5,42,2
34,506.556,13.535,35,4.461
34,506.537,13.537,36,2
35,506.537,13.463,40,2
35,507.685,13.101,41,2
35,507.832,14,42,3
35,507.615,14.385,43,4.374
35,507.832,15,44,3
35,507.463,14.463,45,4.431
35,507.844,14.844,46,3
35,508.537,14.463,47,3
35,509.5,15,48,3
35,508.844,15.156,49,3
35,508.537,15.463,50,2
35,508.762,15.34,51,3
35,509.385,15.615,52,3
35,509.832,15,53,2
35,509.537,15.463,54,3
36,408.448,261.448,41,3
36,408.158,261.158,42,2
36,408.157,261.05,43,4.431
36,408.315,261.101,44,2
36,408.842,261.158,45,2
36,408.272,261,46,4.506
36,408.842,261.158,47,2
36,408.272,261,48,4.395
36,408.34,261.153,49,4.431
36,408.272,261,50,2
36,408.728,261,51,3
36,408,260.728,52,2
36,408.621,260.727,53,2
36,407.842,261.158,54,3
36,408,261.5,55,3
36,409,261.5,56,4.506
37,261.5,165,41,2
37,262,166.5,42,2
37,261.272,167,43,3
37,261,166.5,44,2
37,261.832,167,45,3
37,261.5,167,46,2
37,261.685,166.101,47,2
37,261.537,166.537,48,2
38,100.448,323.552,42,2
38,100.323,324.323,43,2
39,261.463,166.537,48,2
39,261,166.728,49,2
39,261.5,167,50,2
39,260.315,167.101,51,2
39,259.728,167,52,3
39,259.781,166.602,53,2
39,259.685,167.101,54,2
39,259.685,167.101,55,2
39,259.685,165.899,56,2
39,260.315,165.101,57,2
39,260.272,166,58,3
39,260.158,166.158,59,2
39,260.168,166,60,3
39,261,165.5,61,2
39,260.279,164.721,62,3
39,260,164.5,63,2
39,259.685,164.101,64,2
39,259.119,164.881,65,2
39,258.721,164.279,66,3
39,259.272,164,67,3
39,258.832,164,68,3
39,258.832,164,69,3
39,258.5,164,70,3
39,258,164.5,71,2
39,258.537,165.463,72,2
40,216.552,151.552,43,2
40,217.323,151.677,44,2
41,509.463,15.537,54,3
41,509.385,15.615,55,3
41,509.021,15.847,56,2
41,509.385,14.615,57,3
41,509.133,15.088,58,4.374
41,508.615,15.385,59,3
41,508.238,15.66,60,3
41,507.615,15.385,61,3
41,507.824,16.184,62,2
41,507.463,16.537,63,4.431
41,507.385,16.615,64,3
41,507.463,16.537,65,4.431
41,507.5,16,66,3
41,508,16,67,3
41,508.157,15.95,68,3
41,508.324,15.938,69,3
41,508.843,16.05,70,3
41,508.832,17,71,2
41,509.156,17.156,72,3
41,510.357,17.479,73,3
41,510.463,17.463,74,2
41,510.695,17.862,75,4.372
41,510.463,17.463,76,2
41,509.501,18.835,77,3
41,509.238,18.66,78,4.41
41,508.843,19.05,79,3
41,508.338,19,80,3
41,508.463,19.463,81,2
41,508.324,19.062,82,3
41,508.537,19.463,83,4.431
42,215.552,153.448,53,2
42,215.677,153.323,54,2
42,215.552,152.552,55,2
42,215.552,153.448,56,3
42,215.552,153.552,57,2
43,408,261.5,55,3
43,409,261.5,56,4.506
43,408.606,261.158,57,2
43,408.606,261.158,58,2
43,409,261.272,59,2
43,408.168,261,60,2
43,408,261.5,61,2
43,408.502,261.017,62,3
43,408.158,261.158,63,2
43,409,261.272,64,2
43,408.252,261.456,65,4.054
43,408.279,261.279,66,2
43,408.315,261.101,67,2
43,408.101,260.685,68,3
43,408.101,261.315,69,2
43,408.272,261,70,2
43,408.685,261.101,71,3
43,408,261.5,72,2
43,408.448,261.552,73,3
44,99.448,327.552,53,2
44,99.5,328,54,2
44,99,328.761,55,2
44,98.552,328.552,56,2
44,98.728,329,57,2
44,98.448,328.552,58,3
44,97.552,328.552,60,2
44,98,329,61,2
44,97,329,62,2
45,99.552,327.552,53,3
45,99.5,328,54,2
46,217,153,48,2
46,216.552,152.552,49,3
47,408,261.5,61,2
47,408.498,260.983,62,3
48,98.448,328.448,58,2
48,98.219,328.398,59,2
48,97.552,328.448,60,2
49,215.448,154.552,62,2
49,214.239,156,63,2
49,213.552,156.448,64,2
49,213.552,157.448,65,2
49,215,157.239,66,2
50,97,329.239,65,2
50,96.448,329.448,66,2
51,507.537,16.537,65,4.431
51,507.5,16,66,3
52,215.448,153.552,56,3
52,215.448,153.552,57,2
53,258.5,164,70,3
53,258,164.5,71,2
53,258.463,165.463,72,2
53,258.315,165.899,73,2
53,258.781,165.602,74,2
53,258.5,166,75,3
53,258,165.5,76,2
53,258.5,165,77,3
53,258.615,165.385,78,3
53,259.315,165.899,79,2
53,259.5,165,80,2
53,259.463,164.537,81,3
53,260.168,164,82,3
53,260.315,163.899,83,3
53,260.552,163.552,84,2
54,95.552,328.552,69,2
54,96.448,329.448,70,3
54,96.239,330,72,2
54,97.448,329.448,73,2
54,96.448,328.552,74,2
55,216.552,158.552,71,2
55,215.552,158.552,72,2
56,216.552,158.448,71,3
56,215.552,158.448,72,2
57,408,261.5,72,2
57,408.448,261.448,73,4.431
58,408.552,261.552,73,2
58,408.677,261.677,74,2
58,408.606,261.158,75,3
58,408.552,261.915,76,2
58,407.881,261.119,77,2
58,409,261.5,78,2
58,408.502,261.017,79,3
58,408.379,261.273,80,4.395
58,408.602,261.781,81,2
58,408.219,261.602,82,2
58,408.279,260.721,83,4.473
58,408.158,261.158,84,3
58,408.5,261,85,2
58,408.602,260.781,86,3
58,408.119,261.881,87,2
58,408,261.272,88,2
58,408.677,261.323,89,2
58,407.781,261.398,90,3
58,408.315,261.101,91,2
58,408.5,261,92,3
58,408.458,260.342,93,2
58,408.5,261,94,2
58,408.606,261.158,95,3
58,408.5,261,96,2
58,409.158,261.158,97,2
58,408.398,260.781,98,3
58,408.685,261.101,99,2
58,408.312,260.867,100,4.133
58,408,261,101,2
58,408.5,261,102,3
58,408,261.272,103,2
58,408,261.5,104,2
58,407.748,261.456,105,4.461
58,408.781,261.398,106,2
58,409,261.5,107,2
58,408,261,108,3
58,408.119,260.881,109,2
58,408.781,261.602,110,3
58,408.5,261,111,4.506
58,408,261.272,112,2
58,408.219,261.398,113,3
58,408,261.5,114,2
58,408.842,261.394,115,3
58,408.25,261.198,116,3
58,408.842,261.158,117,2
58,408.501,261.165,118,2
58,408.158,261.158,120,2
58,408.837,261.085,121,2
58,408.324,261.062,122,3
58,408.464,261.38,123,2
58,408.498,261.014,124,2
58,408.168,261,125,3
58,408.842,261.158,126,3
58,409,261,127,2
58,408.842,261.158,128,3
58,408.119,261.119,129,2
58,408.158,260.842,130,3
58,408.252,261.544,131,4.461
58,408.728,261,132,3
58,408.323,260.677,133,2
58,408.606,260.842,134,2
58,407.552,261.448,135,4.506
58,408.395,261.204,136,2
58,408.252,261.456,137,3
58,408.499,261.165,139,2
58,408.168,261,140,3
58,408.498,261.014,141,2
58,408.499,261.165,142,2
58,408,261,143,3
58,408.398,261.219,144,3
58,408,261.5,145,2
58,408.277,261.214,146,2
58,408.315,261.101,147,2
58,408.272,262,148,2
58,408.119,261.119,149,2
58,408.379,261.273,150,4.473
58,408,261.5,151,2
58,408.337,261.196,152,2
58,408.899,260.685,153,3
58,408.492,260.972,154,2
58,408.881,260.881,155,2
58,408.379,260.727,156,3
58,408.157,260.95,157,3
58,408.272,261,158,2
58,408.272,261,159,3
58,407.832,261,160,4.038
58,408.272,261,161,4.473
58,408.315,261.101,162,4.141
58,408,261,163,2
58,408.444,261.465,164,2
58,408.315,261.101,165,2
58,408.119,261.881,166,2
58,408,261,167,3
58,408.499,261.835,168,2
58,408.5,261,169,3
59,97.552,329.552,73,2
59,96.552,328.552,74,2
59,97,328.5,75,2
60,97.552,329.448,73,2
60,96.552,328.448,74,2
60,97,328.5,75,2
60,96,329,76,2
60,95.272,330,77,2
60,94.552,329.552,78,2
60,94.552,329.552,79,3
61,258.5,166,75,3
61,258,165.5,76,2
61,258.5,165,77,3
62,213.448,156.552,64,2
62,213.448,157.552,65,2
63,213.448,156.448,64,3
63,213.448,157.448,65,2
64,213.552,156.552,64,2
64,213.552,157.552,65,3
65,216.239,158,81,2
65,215.552,157.552,82,2
66,409,261.5,78,2
66,408.498,260.983,79,2
67,94.448,329.552,78,2
67,94.448,329.552,79,2
67,93.677,330.323,80,2
68,94.552,329.448,78,3
68,94.552,329.448,79,2
69,94.448,329.448,78,2
69,94.448,329.448,79,2
70,508.537,19.537,83,3
70,508.5,20,84,4.286
70,508,20.145,85,3
70,509,21,86,3
70,508.66,21.238,87,4.172
70,508.238,21.34,88,3
70,508.385,21.385,89,3
70,507.762,21.34,90,3
70,508.337,21.86,91,4.286
70,508.762,21.66,92,4.449
70,507.674,22.366,93,2
70,507.238,22.66,94,4.36
70,507.238,22.66,95,4.374
70,507.463,22.537,96,3
70,507.844,22.844,97,3
70,508.615,23.385,98,4.165
70,508.615,23.385,99,3
70,508,24,100,3
70,507.537,24.537,101,4.431
71,260.552,163.448,84,2
71,260.832,163,85,3
71,261,163.272,86,2
71,260.315,162.899,87,2
71,260.315,161.899,88,2
71,260.448,161.552,89,2
72,215.552,159.552,77,2
72,216.552,158.552,78,2
73,215.552,159.448,77,2
73,216.552,158.448,78,2
74,214.552,155.448,86,2
74,214.677,155.323,87,2
74,215.448,155.448,88,2
75,93.552,331.448,87,3
75,93.761,331,88,2
75,93.602,330.219,89,2
76,260.552,161.448,89,2
76,261,160,90,3
76,260.537,160.537,91,3
76,260.537,160.537,92,2
76,259.315,161.101,93,2
76,259.685,161.101,94,2
76,260,161.5,95,4.141
76,259.5,161,96,2
77,215.448,155.552,88,2
77,214.677,155.677,89,2
78,92.552,329.552,93,2
78,92.552,329.552,94,2
78,93,331.239,95,2
78,93.323,330.677,96,2
78,92.552,330.552,97,2
78,92.552,329.552,99,3
78,92.552,329.552,100,2
78,92.552,330.552,102,2
78,93,331,103,2
79,260,161.5,95,4.141
79,259.5,161,96,2
79,259.272,161,97,3
79,260,161.5,98,2
79,259.685,160.899,99,2
79,260.315,161.101,100,2
79,259.685,161.899,101,2
79,259.463,161.537,102,2
79,259.881,161.881,103,3
79,261.119,161.119,104,2
79,261,161,105,3
79,261,161.728,106,2
79,261.448,161.448,107,2
79,260.881,160.881,108,3
79,260.899,160.685,109,3
79,259.899,160.685,110,2
79,258.881,160.881,111,3
79,258.728,162,112,3
79,258.5,163,113,2
79,258.728,163,114,3
79,259.119,162.881,115,2
79,259.781,162.602,116,2
79,259.5,163,117,2
79,259.315,162.899,118,2
79,259.685,163.101,119,2
79,259.537,163.463,120,2
79,259.5,164,122,2
79,259,164.5,123,3
79,259.899,164.315,124,3
79,259.802,164.25,125,2
79,259.537,164.463,126,2
79,258.552,163.448,127,2
79,258.728,163,128,3
79,258.5,163,129,2
79,258.728,163,130,3
79,258.842,163.842,131,2
79,258.552,163.448,132,2
80,92.552,329.448,99,2
80,92.552,329.448,100,2
81,92.448,329.448,99,2
81,92.448,329.448,100,2
82,92.448,329.552,99,2
82,92.448,329.552,100,2
83,214.552,159.448,98,2
83,214.677,159.323,99,2
83,215.448,161.448,101,3
83,215.448,161.448,102,3
83,215.552,162.448,103,3
84,507.463,24.537,101,3
84,507.385,24.615,102,3
84,507.463,24.463,103,4.431
84,507.168,24,104,3
84,506.762,23.34,105,3
84,507.499,23.165,106,3
84,507.463,23.463,107,2
84,507.156,24.844,108,3
84,507.315,24.899,109,3
84,507.168,25,110,3
84,507.615,25.385,111,4.374
84,508,25.5,112,4.374
84,507.501,25.165,113,3
84,508,26,114,3
84,507.832,26,115,3
84,507.537,25.463,116,3
84,508,26,117,3
84,508.537,26.463,118,2
85,507.501,23.165,106,2
85,507.537,23.463,107,2
86,215.552,162.552,106,2
86,215.552,163.448,107,2
87,215.448,162.552,106,2
87,215.448,163.448,107,2
87,215,162.239,109,2
87,213.552,162.448,110,2
88,92,331.761,106,2
88,90.677,331.677,107,3
88,91,332,108,2
88,91.552,332.448,109,2
88,91.552,332.448,110,3
88,91.552,332.448,112,3
88,92.552,333.448,113,2
89,212.761,160,113,2
89,212.323,159.323,114,2
90,92.448,329.552,93,3
90,92.448,329.552,94,2
91,92.552,329.448,93,3
91,92.552,329.448,94,4.506
92,92.448,329.448,93,2
92,92.448,329.448,94,3
93,91.552,332.552,112,2
93,92.552,333.552,113,3
94,91.448,332.552,112,3
94,92.448,333.552,113,2
95,91.448,332.448,112,2
95,92.448,333.448,113,3
96,215.552,161.552,101,3
96,215.552,161.552,102,2
96,215.552,162.552,103,2
97,215.448,161.552,101,2
97,215.448,161.552,102,2
97,215.448,162.552,103,2
98,259.463,163.463,120,2
98,259,163.728,121,2
98,259.5,164,122,2
98,259,164.5,123,3
99,508.537,26.537,118,2
99,507.844,27.156,119,3
99,507.832,28,120,3
99,507.385,27.615,121,3
99,507,27.5,122,4.372
99,506.843,28.05,123,3
99,507,29.5,124,4.374
99,506.501,29.165,125,3
99,505.537,28.463,126,2
100,211.552,158.552,122,2
100,212.448,158.552,123,3
101,408.536,261.38,123,2
101,408.502,260.986,124,3
102,507,29.5,124,4.374
102,506.499,29.165,125,2
102,505.537,28.537,126,3
102,505.168,29,127,3
102,505.832,29,128,3
102,505.385,28.615,129,4.374
102,505.832,29,130,3
102,506.458,29.342,131,3
102,506.843,29.95,132,3
102,508.029,30.495,133,2
102,508.307,30.782,134,3
102,508.238,30.66,135,3
102,508.615,30.385,136,3
102,509.5,30,137,3
102,509,30.145,138,3
102,509.463,29.537,139,2
102,509.315,30.101,140,3
102,509.385,30.385,141,4.374
102,509.324,30.938,142,3
102,509.832,31,143,3
102,510.463,30.463,144,2
102,510.463,31.537,145,2
102,510.444,31.535,146,4.042
103,93.323,333.323,118,2
103,93.677,333.323,119,2
104,94.552,330.552,131,2
104,94.552,330.552,132,3
104,94.677,330.677,133,2
104,94.552,330.552,134,3
104,94.448,331.448,136,2
104,94,331,137,2
104,95,330.761,138,2
104,95.239,331,139,2
104,94,331.5,140,2
104,93.552,332.448,141,2
105,94.448,330.552,131,2
105,94.448,330.552,132,2
106,94.552,330.448,131,3
106,94.552,330.448,132,2
107,94.448,330.448,131,2
107,94.448,330.448,132,2
108,216,162,129,2
108,215.552,161.552,130,2
109,213.552,159.552,126,3
109,213.552,160.552,127,2
110,258.448,163.448,132,2
110,258.219,163.398,133,2
110,258.315,162.101,134,2
110,259.119,162.119,135,2
110,260,161.5,136,2
110,259.552,161.448,137,3
110,260.272,162,138,3
110,260,161.5,139,2
110,260.685,160.899,140,2
110,260.552,160.552,141,2
110,261.101,161.685,142,2
110,261.748,161.456,143,3
110,262.448,161.448,144,2
110,262.279,160.279,145,3
110,261.685,159.899,146,2
110,261.501,159.165,147,2
111,212.448,159.552,138,3
111,212.448,159.552,139,3
112,214.448,161.448,133,2
112,213.448,160.448,134,3
112,212.552,159.552,135,2
112,212,159.239,137,2
112,212.448,159.448,138,2
113,408.502,260.986,141,2
113,408.501,261.165,142,2
114,510.556,31.465,146,3
114,511.315,31.101,147,2
114,511.324,30.938,148,3
114,510.615,31.385,149,3
114,512.279,31.721,150,2
114,512.844,30.844,151,4.374
114,513.156,30.156,152,3
114,513.844,31.156,153,3
114,514.832,32,154,3
114,513.615,32.385,155,4.374
114,513.156,32.844,156,3
114,513.168,32,157,3
114,513.014,32.498,158,3
115,261.499,159.165,147,2
115,261.272,158,148,3
115,260.728,158,149,3
115,261.5,158,150,3
115,260.842,157.842,151,2
115,261,157.5,152,4.054
115,260,157.5,153,2
116,212.761,161,146,2
116,212.323,161.677,147,2
116,212.323,161.323,149,2
116,213.5,162,150,2
116,213.448,162.448,151,2
117,94,331.5,140,2
117,93.448,332.448,141,2
118,213.5,162,150,2
118,213.552,162.448,151,3
119,261,157.5,152,4.054
119,260,157.5,153,2
119,259.685,157.101,154,2
119,258.685,158.101,155,2
119,258.219,158.602,156,2
119,257.5,159,157,2
119,258.158,159.158,158,2
119,257.513,159.516,159,2
120,93.761,335,156,2
120,93.239,335,157,2
120,94,336,158,3
120,94.448,335.552,159,2
120,95.448,335.552,160,3
121,512.986,32.502,158,3
121,512.385,32.615,159,3
121,511.676,33.062,160,3
121,512.315,32.899,161,3
121,512.537,32.537,162,2
121,512.463,32.463,163,2
122,94.552,335.448,159,2
122,95.552,335.448,160,2
122,96,335,161,2
122,96.677,334.677,162,2
123,94.448,335.448,159,3
123,95.448,335.448,160,2
124,257.487,159.484,159,2
124,257,159.728,160,2
124,256.685,159.899,161,3
124,256.5,160,162,2
124,256.168,161,163,3
124,256.158,160.842,164,2
124,256.315,160.899,165,3
124,256,161,166,3
124,255.272,162,167,2
124,256,161.272,168,2
124,256.158,161.158,169,2
124,256.5,161,170,2
124,256.685,161.101,171,2
124,257.315,160.101,172,2
124,258,160.5,173,2
124,259.37,160.251,174,2
124,259.881,159.881,175,2
124,260.168,160,176,3
124,260.448,159.552,177,2
125,94.552,335.552,159,2
125,95.552,335.552,160,3
126,512.537,32.463,162,2
126,512.537,32.463,163,2
126,512.676,32.062,164,3
126,513.168,32,165,3
126,513.685,31.899,166,3
126,514.832,32,167,3
126,514.676,32.062,168,3
126,514.685,32.101,169,2
126,514.463,32.463,170,2
126,515.168,32,171,3
126,515.463,32.463,172,2
127,408.501,261.835,168,2
127,408.5,261,169,3
127,407.986,261.498,170,3
127,408,261.5,171,2
127,408.315,261.101,172,2
127,408.398,260.781,174,3
127,408.728,261,175,2
127,408.119,261.119,176,2
127,408.252,261.456,177,2
127,408.464,261.38,178,3
128,515.537,32.463,172,2
128,516.315,32.101,173,2
128,516.676,32.062,174,3
128,516.315,32.101,175,2
128,516.685,31.899,176,3
128,517.499,31.835,177,2
129,517.501,31.835,177,2
129,518.168,31,178,3
129,518.685,31.101,179,2
129,519.5,31,180,2
129,519.832,31,181,3
129,519.899,30.315,182,2
129,520.315,30.101,183,2
129,520.5,31,184,2
129,519.685,32.101,185,2
129,519.252,32.456,186,3
129,518.272,32,187,3
129,518.219,31.602,188,2
129,518,31.5,189,2
129,518.501,31.835,190,2
129,518.463,31.537,191,2
129,518.832,32,192,3
129,518.832,33,193,3
129,518.5,33,194,3
129,518.5,32,195,2
129,518.5,32,196,2
129,518,32.5,197,4.141
129,517.5,33,198,3
129,517.315,32.899,199,2
129,516.315,33.101,200,2
129,516.685,32.899,201,2
129,517.168,33,202,3
129,517.101,32.685,203,3
129,517.315,31.899,204,3
129,516.832,32,205,3
129,515.537,32.463,206,3
130,260.552,159.448,177,2
130,260.5,159,178,2
130,260.5,159,179,2
130,261.5,158,180,2
130,260.842,158.842,181,2
130,260.537,158.537,182,4.431
131,260.448,159.448,177,2
131,260.5,159,178,2
131,260.5,159,179,2
131,261.5,158,180,2
131,260.537,158.463,182,4.431
131,260.781,158.398,183,2
131,260.748,158.456,184,3
131,259.748,158.456,185,3
131,260.781,158.398,186,2
131,260.685,158.899,187,2
131,260.986,158.498,188,3
132,408.536,261.38,178,3
132,408.781,261.398,179,2
132,407.881,261.119,180,2
132,408.537,261.463,181,2
132,407.881,261.119,183,3
132,407.899,261.315,184,2
132,408.342,261.458,185,3
132,408.685,260.899,186,2
132,408.324,261.062,187,3
132,408.456,260.82,188,3
132,408.219,261.398,189,3
132,408.315,261.101,190,2
132,408,261.5,191,3
132,408.606,261.158,192,2
132,408.315,261.101,193,2
132,408,261.5,195,2
132,408.227,261.152,196,2
132,408.676,261.062,197,3
132,408.119,261.119,198,2
132,408.552,260.448,199,4.431
132,408.273,261.621,200,2
132,409,261.272,201,2
132,409,261.5,202,2
132,408.552,261.552,203,3
133,99.552,333.552,183,2
133,98.552,334.448,184,2
134,99.448,333.552,183,2
134,98.552,334.552,184,3
135,99.448,333.448,183,2
135,98.448,334.448,184,3
136,518,31.5,189,2
136,518.499,31.835,190,2
136,518.463,31.463,191,2
137,261.014,158.502,188,2
137,261.272,159,189,3
137,261.272,159,190,2
137,261.272,159,191,3
137,261.5,159,192,2
137,261.5,159,193,3
138,261.5,159,192,2
138,261.5,159,193,3
138,261.25,159.198,194,3
138,262,159.5,195,2
138,262.781,159.602,196,2
138,262.899,158.685,197,3
138,263,157.5,198,2
138,263,157.5,199,4.054
138,263.168,157,200,3
138,262.881,156.881,201,3
138,263.272,156,202,2
138,264,155.5,203,2
138,264,155.5,204,2
139,219.448,161.448,192,2
139,218.448,162.448,193,3
140,518.5,33,194,3
140,518.5,32,195,2
140,518.5,32,196,2
140,518,32.5,197,4.141
140,517.5,33,198,3
141,409,261.5,202,2
141,408.552,261.448,203,2
142,216.448,162.552,198,2
142,216.552,163.448,199,2
142,215.552,163.448,201,2
142,215.552,162.552,202,3
142,216.552,163.552,203,3
142,216.323,163.677,204,2
142,215.552,163.552,205,2
142,215.552,163.552,207,3
142,215.448,163.552,208,2
143,216.552,162.552,198,2
143,216.552,163.552,199,3
143,215.448,163.552,201,2
143,215.448,162.552,202,2
143,216.448,163.448,203,3
144,215.448,163.448,201,3
144,215.448,162.448,202,3
144,216.552,163.448,203,2
145,218.448,162.552,193,2
145,218,163.239,194,2
146,408.448,261.552,203,2
146,408.158,262.158,204,2
146,408,261.272,205,3
146,408.5,261,206,3
146,408.021,261.153,207,2
146,408.119,261.119,208,2
146,408.315,261.101,209,2
146,408.448,261.448,210,4.431
146,408.315,260.899,211,3
146,409.041,261.266,212,2
146,408.168,261,214,2
146,408,261.5,215,2
146,408.315,261.101,216,2
146,408.641,260.749,217,2
146,408.119,261.119,218,2
146,408.312,261.133,219,4.141
146,408.252,261.544,220,3
146,408.484,260.513,221,4.461
146,408.158,261.158,222,2
146,408.484,260.513,223,2
146,408.272,261,224,2
146,407.748,261.456,225,3
146,408.685,261.899,226,2
146,407.677,261.323,227,2
146,408.119,261.119,228,2
146,408.395,261.204,229,2
146,408.158,261.158,230,4.481
146,407.881,261.119,231,3
146,408.676,261.062,232,2
146,408.552,261.448,233,2
147,264,155.5,203,2
147,264,155.5,204,2
147,263.881,156.119,206,2
147,264.315,155.899,207,2
147,264,156.5,208,2
147,264.5,156,209,3
147,264.552,156.552,210,2
147,265,157.5,211,2
147,264.842,156.842,212,2
147,265.463,157.463,213,2
148,515.463,32.463,206,2
148,514.342,32.542,207,4.473
148,513.5,31,208,2
148,513.899,30.685,209,3
148,513.315,30.101,210,2
148,513.315,30.101,211,2
148,513.385,30.615,212,4.374
148,513.272,31,213,3
148,512.844,30.844,214,3
148,511.537,30.537,215,3
149,263,157.5,198,2
149,263,157.5,199,4.054
150,265.537,157.537,213,3
150,265.552,157.552,214,2
150,266.219,157.398,215,3
150,266.781,157.398,216,2
150,266.219,158.398,217,3
150,266.5,159,218,2
150,266.219,159.398,220,2
150,265.842,158.842,221,2
150,265.5,158,222,2
150,265.5,159,223,2
150,266,159.5,224,2
150,266,159.272,225,2
150,266.5,159,226,2
150,266.832,159,227,3
150,267.119,159.119,228,2
150,267.448,159.448,229,2
150,267.448,158.448,230,2
151,99.761,334,214,2
151,99.552,333.552,215,2
152,511.463,30.463,215,2
152,510.315,30.101,216,3
152,509.315,30.899,217,2
152,508.685,31.101,218,2
152,507.463,31.463,219,3
152,507.721,31.279,220,2
152,507.676,30.938,221,3
152,507.844,31.156,222,3
152,507.501,31.165,223,2
153,96.239,334,207,2
153,97.677,334.677,208,2
153,99.677,334.677,209,2
154,215.448,163.448,207,2
154,215.448,163.448,208,2
155,215.552,163.448,207,2
155,215.552,163.448,208,2
156,507.499,31.165,223,2
156,507.168,31,224,3
156,506.899,31.315,225,3
156,506.556,31.465,226,2
156,505.537,30.463,227,4.474
156,505.844,30.156,228,3
156,505.484,29.487,229,3
156,505.748,29.456,230,3
156,506.762,28.34,231,3
156,506.832,28,232,2
156,506.537,27.537,233,2
156,506,28,234,3
156,505.676,28.062,235,3
156,505.748,27.456,236,3
156,505.324,27.062,237,3
156,504.843,26.95,238,3
156,504.463,26.537,239,2
157,97.448,335.552,219,2
157,98.448,335.552,220,2
158,97.552,335.448,219,2
158,98.448,335.448,220,2
159,97.552,335.552,219,3
159,98.552,335.552,220,2
160,267.552,159.448,229,2
160,267.552,158.448,230,2
160,268.168,159,231,3
160,267.832,159,232,3
160,268.5,159,233,2
160,269.685,158.899,234,2
160,269.5,159,235,2
161,99.448,333.552,215,2
161,99.219,333.602,216,2
161,99.219,333.602,217,2
162,506.556,31.535,226,2
162,505.537,30.537,227,3
163,506.444,31.535,226,2
163,505.463,30.463,227,3
164,247.552,389.552,226,2
164,246.552,389.552,227,2
165,247.448,389.552,226,3
165,246.448,389.552,227,3
166,247.552,389.448,226,3
166,246.552,389.448,227,2
167,247.448,389.448,226,2
167,246.448,389.448,227,2
168,408.448,261.448,233,4.092
168,408.479,260.685,234,4.431
168,408.602,260.781,235,3
168,408.536,261.38,236,4.508
168,408.119,261.119,237,4.141
168,408.5,262,238,2
168,408.315,261.101,239,2
168,408.157,261.05,240,3
168,408.119,260.881,241,2
168,408.685,261.101,242,2
168,408.781,261.398,243,2
168,408.676,261.062,244,3
168,408.593,261.319,245,2
168,407.832,261,246,2
168,407.685,261.101,247,2
168,408.552,261.552,248,2
168,408.544,261.18,249,3
168,407.761,261,250,4.508
168,408.157,261.05,251,3
168,409.323,260.677,252,3
168,408.323,261.323,253,3
168,408.252,261.544,254,4.461
168,408.119,261.119,255,3
168,408.342,261.542,256,2
168,408.379,260.727,257,4.395
168,409,261.272,258,2
168,408.748,261.456,259,2
168,408.501,261.165,260,2
169,247.239,391,230,2
169,247.448,391.448,231,2
169,247.448,391.448,232,2
169,247.272,391,233,2
169,247.552,391.448,234,3
169,246.552,391.448,235,2
169,246,391.239,236,2
169,246,390.761,237,2
170,247.552,391.552,231,2
170,247.552,391.552,232,2
171,247.448,391.552,231,2
171,247.448,391.552,232,2
172,247.552,391.448,231,3
172,247.552,391.448,232,3
173,269.5,159,235,2
173,270.158,159.158,236,2
173,270.832,160,237,3
173,270.5,159,238,2
173,270.252,159.544,239,3
173,270.5,159,240,2
173,269.685,159.101,241,2
173,270.5,159,242,2
173,270.463,158.537,243,2
173,270.272,159,244,2
173,270.252,159.544,245,3
173,270.315,158.899,246,2
173,270.5,160,247,3
173,270.606,159.842,248,2
173,269.685,160.101,249,2
173,270,160.5,250,2
174,96.448,337.552,235,2
174,96.239,338,236,2
174,96.677,337.677,237,2
174,97.448,338.448,238,2
175,504.463,26.463,239,2
175,504.685,25.899,240,2
175,504.832,26,241,3
175,504.315,26.101,242,2
175,504.662,27,243,3
175,504.501,27.835,244,2
176,245.119,391.119,240,2
176,245.516,391.513,241,2
176,244.728,391,242,2
176,244.158,390.158,243,2
177,98.448,341.552,242,3
177,98.448,342.552,243,2
177,98.219,343.398,244,2
177,99,343.5,245,2
177,99.448,343.552,246,2
178,504.499,27.835,244,2
178,504,27,245,3
178,503.832,26,246,3
178,504.499,25.835,247,2
179,98.448,341.448,242,2
179,98.448,342.448,243,3
179,99,343.5,245,2
179,99.448,343.448,246,2
180,270.5,159,242,2
180,270.537,158.537,243,2
181,504.501,25.835,247,3
181,504.832,26,248,3
181,504.315,25.899,249,2
181,505,25.5,250,2
181,505.448,25.552,251,2
182,243,391,246,2
182,243.448,390.552,247,2
182,243,390.728,249,2
182,243.5,391,250,2
182,243,391,251,2
182,241.728,391,252,3
182,241.728,391,253,3
182,241.552,390.552,254,3
183,505,25.5,250,2
183,505.448,25.448,251,2
184,270,160.5,250,2
184,270.272,161,251,2
184,271.101,160.685,252,3
184,271.315,160.101,253,3
184,271.606,159.842,254,3
184,270.5,160,255,2
184,269.552,159.552,256,2
184,269.552,160.552,257,2
185,99.677,345.677,250,2
185,100.448,346.448,251,2
186,241.448,390.448,254,3
186,241.272,390,255,2
186,241.448,389.552,256,2
186,241.272,390,257,2
186,240.219,390.398,258,2
186,240.448,390.448,259,2
187,505.552,25.448,251,2
187,505.685,25.101,252,3
187,505.685,25.101,253,2
187,505.5,25,254,2
187,505,26,255,3
187,504.315,25.101,256,2
187,504.458,24.658,257,2
187,505.168,25,258,3
187,505.119,24.881,259,3
187,505.5,25,260,2
187,504.815,25.433,261,2
187,504.832,25,262,2
187,504.721,25.279,263,2
187,504.615,25.615,264,3
187,504.899,26.685,265,2
187,504.463,26.537,266,2
188,269.448,159.552,256,2
188,269.448,160.552,257,2
188,269.219,161.398,258,2
188,269.279,160.721,259,3
188,269,161,260,2
189,270.5,160,255,2
189,269.552,159.448,256,2
190,101.552,346.448,257,2
190,101.552,345.448,258,2
190,101.448,345.448,259,2
190,101.323,344.323,260,2
190,101.398,344.781,261,2
190,101.239,344,262,2
190,100.398,344.781,263,2
191,240.552,390.552,259,2
191,241,391,260,2
191,240.781,392.398,261,2
191,240.239,393,262,2
191,239.272,393,263,2
191,239.781,392.602,264,2
191,239.728,393,265,2
191,240.272,393,266,2
191,241.552,393.552,267,2
191,240.728,394,268,3
191,240.5,394,269,2
191,240.781,393.602,270,2
191,240.552,393.552,271,2
191,240.552,394.552,272,2
192,408.499,261.165,260,2
192,408.324,260.938,261,3
192,409,261.272,262,2
192,408.272,261,263,3
192,408.272,262,264,2
192,407.552,261.552,265,4.461
192,409,261.5,266,2
192,408,261,267,2
192,408.728,261,268,3
192,408.185,261.567,269,2
192,408.444,261.535,270,2
193,100.552,346.448,251,2
193,101,346,252,2
194,407.552,261.448,265,3
194,409,261.5,266,2
195,504.463,26.463,266,3
195,505.501,26.165,267,2
195,506.537,26.463,268,2
195,505.615,26.615,269,3
195,505.832,27,270,3
195,506.324,26.062,271,3
195,506.676,26.938,272,2
195,506.501,28.165,273,2
195,507.168,28,274,3
195,507.463,28.537,275,3
195,507,28,276,3
195,507.168,28,277,3
195,506.881,28.119,278,2
195,505.881,28.119,279,3
195,505.119,27.881,280,2
195,505.101,26.685,281,3
195,505.815,26.433,282,4.431
195,505.5,26,283,2
195,506,26.5,284,2
196,98.552,345.448,267,2
196,98.5,346,268,2
196,98.677,346.677,269,2
196,99,346.761,271,2
196,99.323,346.323,272,2
196,99.448,346.552,273,3
197,408.444,261.465,270,2
197,407.781,261.398,271,2
197,408.157,260.95,272,3
197,408.602,260.781,273,2
197,408.315,261.101,274,2
197,408.272,262,275,3
197,408.5,261,276,2
197,408.239,261,277,2
197,409,261.5,278,2
197,409,261.5,279,2
197,408,261.5,280,2
198,240.448,393.552,271,3
198,240.448,394.552,272,3
198,240,395.239,273,2
198,240.239,395,274,2
198,240.448,396.448,275,3
198,240.448,396.448,276,2
198,240.5,396,277,2
198,239.677,395.677,278,2
198,240.448,397.448,280,3
198,240.5,396,281,2
198,240.5,397,282,2
199,240.448,393.448,271,2
199,240.448,394.448,272,2
200,240.552,393.448,271,2
200,240.552,394.448,272,3
201,268.323,162.677,273,2
201,268.315,162.101,274,2
201,269,162.5,275,2
201,269,163.5,276,2
202,99.552,346.552,273,2
202,100,347.239,274,2
203,269,162.5,275,2
203,269,163.5,276,2
203,269,162.728,277,2
203,269.315,162.899,278,2
203,270,162.5,279,2
203,270,162.5,280,2
204,409,261.5,278,2
204,409,261.5,279,2
204,408,261.5,280,2
204,408.158,261.158,281,3
204,408.448,261.448,282,4.092
204,407.842,261.158,283,3
204,408.315,261.101,284,2
204,408,261.5,285,2
204,408.484,261.513,286,4.508
204,408.5,261,287,2
204,407.881,261.119,288,2
204,408.163,261.915,289,2
204,408.239,262,290,2
204,408.5,261,291,3
204,409.277,261.214,292,4.461
204,408.685,261.101,293,2
204,408.5,261,294,3
204,408.448,261.448,295,2
205,99.323,346.677,278,2
205,98.323,347.677,279,2
205,100.239,348,281,2
205,100.448,347.552,282,2
206,240.448,396.552,275,2
206,240.448,396.552,276,3
207,240.552,396.552,275,3
207,240.552,396.552,276,2
208,240.552,396.448,276,2
208,240.5,396,277,2
209,240.552,397.448,280,2
209,240.5,396,281,2
209,240.5,397,282,2
209,240.158,397.158,283,2
209,239.728,397,284,3
209,239,396.728,285,3
209,239.728,396,286,2
209,239.728,396,287,2
209,239.552,396.448,288,2
209,238.448,396.448,290,3
209,238.272,396,291,2
209,238.781,396.398,292,2
209,238,396,293,3
209,239,395.5,294,2
209,238.781,395.398,295,2
209,238.272,395,296,2
209,239,396.5,298,2
209,239.272,397,299,3
209,239.158,396.842,300,2
209,239.315,397.899,301,2
209,239.5,397,302,2
209,239,397.272,303,2
209,240,397.761,304,2
209,239.5,398,305,2
209,239.158,398.158,306,2
209,238.5,398,307,2
209,238.272,398,308,3
209,237.5,398,309,2
209,238,399,310,3
209,237.842,399.158,311,2
209,238,398.5,312,2
209,238.448,398.552,313,3
210,270,162.5,279,2
210,270,162.5,280,2
210,270,163,281,3
210,270.119,163.881,282,3
210,269.748,163.544,283,3
210,268.556,164.535,284,2
211,100.448,347.448,282,2
211,99.761,346,283,2
211,98.552,345.448,284,3
211,98.552,345.448,286,2
211,98.323,345.677,287,2
211,98.448,345.448,288,2
211,98.448,345.448,289,3
211,99.448,345.448,290,2
212,505.5,26,283,2
212,506,26.5,284,2
212,506.279,26.721,285,2
212,506.219,26.398,286,2
212,507.274,25.274,287,4.474
212,507.198,25.25,288,4.395
212,507.621,25.273,289,3
212,506.734,25.041,290,2
212,507.408,25.119,291,2
212,506.881,25.119,292,2
212,507.274,25.274,293,2
212,507,26,294,2
212,507.168,26,295,2
212,506.556,25.535,296,2
212,507,26.5,298,2
212,506.272,27,299,3
212,504.004,26.769,301,4.431
212,504,26,302,2
212,504.513,25.516,303,3
212,505.272,27,304,2
212,505.818,27.143,305,2
212,506.95,27.881,306,2
212,507.5,29,307,2
212,507.272,29,308,2
212,507.463,28.463,309,4.372
212,507.379,28.727,310,4.461
212,507.959,29.266,311,2
212,507.185,29.567,312,2
212,507.315,29.899,313,2
212,508.721,29.279,314,2
212,508.5,29,315,2
212,508,29.5,316,2
212,507.844,30.156,317,3
212,508.324,29.062,318,3
212,507.502,28.014,319,2
212,507.799,28.978,320,4.474
212,510,30,321,2
212,510,29,322,2
213,268.444,164.535,284,2
213,268.119,164.881,285,2
213,269,165.5,286,2
213,268.685,165.899,287,2
213,268.272,166,288,2
213,268.219,165.602,289,2
213,267.685,165.899,290,2
213,267.272,167,291,2
213,267,166.272,292,2
213,267.272,167,293,3
213,266.398,167.219,294,2
213,266,166.5,295,2
213,265.748,166.544,296,3
213,265.728,167,297,3
213,265.5,167,298,2
213,265.196,166.663,299,2
213,264.552,166.552,300,2
213,264.781,166.398,301,2
213,264.5,167,302,3
213,265,166.5,303,2
213,265.5,167,304,2
213,264.685,166.101,305,2
213,264,165.5,306,2
213,264,165.5,307,2
213,262.781,165.398,308,2
213,263,166.272,309,2
213,263.315,166.101,310,2
213,263.748,165.456,311,3
213,263.158,164.158,312,2
213,263.5,164,313,2
213,264,164.5,314,2
213,264.842,163.842,315,2
213,265.728,164,316,3
213,265.685,164.101,317,2
213,265.119,163.119,318,2
213,265.5,163,319,2
213,266,162.5,320,2
213,266.272,163,321,2
213,266,162.5,322,3
213,266.5,163,323,2
214,98.448,345.552,267,2
214,98.5,346,268,2
215,99.552,345.552,290,3
215,99.761,346,291,2
216,239.448,396.552,288,2
216,238.5,397,289,2
216,238.552,396.552,290,2
217,239.448,396.448,288,3
217,238.5,397,289,2
217,238.448,396.552,290,2
218,98.448,345.552,289,2
218,99.448,345.552,290,2
219,99.239,347,295,2
219,98.272,346,296,3
219,98.448,345.552,297,2
219,98,345.761,298,2
219,97.5,346,299,2
219,98.448,345.448,300,2
219,97.219,345.398,301,2
219,97,344.5,303,2
219,98,345,304,3
219,98,344,306,2
219,98.448,343.552,307,2
219,98.448,343.552,308,2
220,408.552,261.552,295,2
220,408.513,261.516,296,2
220,408.315,261.101,297,2
220,408.728,261,299,3
220,408,261,300,3
220,408,260.728,301,2
220,408,261.5,302,2
220,408.5,261,303,3
221,506.444,25.535,296,3
221,506.157,25.05,297,3
221,507,26.5,298,2
222,219.552,173.552,294,2
222,220.552,173.552,295,3
223,219.448,173.552,294,2
223,220.448,173.552,295,2
224,219.552,173.448,294,2
224,220.552,173.448,295,2
225,219.448,173.448,294,3
225,220.448,173.448,295,3
226,408.5,261,294,3
226,408.552,261.448,295,2
227,264.5,167,302,3
227,265,166.5,303,2
227,265.5,167,304,2
228,408,261.5,302,2
228,408.5,261,303,3
228,408.315,261.101,304,4.473
228,408.448,261.448,306,2
228,408,261.5,307,3
229,408.448,261.552,306,2
229,408,261.5,307,3
229,408.552,261.552,308,2
229,408.128,261.056,309,3
229,408.444,261.465,310,2
229,408.324,261.062,311,3
229,408.315,261.101,312,2
229,408,261.5,313,2
229,408.337,261.196,314,2
229,408.5,261,315,2
229,408,261.5,316,2
229,408.5,261,317,3
229,408.272,261,318,2
229,408.832,261,319,3
229,408,261,320,4.292
229,408.158,260.842,321,2
229,408,261.272,322,2
229,407.881,261.119,323,3
229,408.484,261.487,324,3
229,407.832,261,325,4.473
229,408.5,261,326,3
229,407.685,261.101,327,3
229,408,261.5,328,2
229,408.239,261,329,2
229,408.685,261.101,330,3
229,408.119,260.881,331,2
229,408.502,260.986,332,3
230,98.552,343.448,307,2
230,98.552,343.552,308,2
230,98.781,343.602,309,2
231,98.448,343.448,307,2
231,98.552,343.448,308,2
232,238,398.5,312,2
232,238.448,398.448,313,2
233,97.5,346,299,2
233,98.448,345.552,300,2
234,102.448,344.552,313,4.506
234,102.239,345,314,2
234,102.448,346.448,315,2
235,238.552,398.448,313,3
235,238.602,398.219,314,2
235,238.761,399,315,2
235,239.448,399.448,316,2
235,239,398.272,317,2
235,239.219,398.602,318,2
235,239.842,398.842,319,2
235,241.728,399,320,2
235,241.552,399.448,321,2
235,242.272,399,322,3
235,242,397.5,323,2
235,242,398,324,2
235,242,399,325,3
235,242,398.728,326,2
235,242.272,399,327,2
235,243.448,399.448,328,2
236,508.5,29,315,2
236,508,29.5,316,2
237,408.5,261,315,2
237,408,261.5,316,2
237,408.5,261,317,3
238,102.552,346.552,315,3
238,103.219,346.602,316,2
238,102.552,346.552,317,3
238,102.552,347.448,319,2
238,102.552,346.448,320,2
238,102.552,346.448,321,2
238,102.552,346.448,322,2
238,102.552,345.448,323,3
239,102.552,347.552,319,2
239,102.552,346.552,320,2
239,102.552,346.552,321,2
239,102.552,346.552,322,2
239,102.552,345.552,323,2
240,102.448,347.552,319,3
240,102.448,346.552,320,4.506
240,102.448,346.552,321,4.506
240,102.448,346.552,322,3
240,102.448,345.552,323,2
241,102.448,347.448,319,2
241,102.448,346.448,320,3
241,102.448,346.448,321,3
241,102.448,346.448,322,2
241,102.448,345.448,323,2
241,101.552,345.448,324,3
241,101.552,345.448,325,2
241,101.761,345,326,2
242,266,162.5,322,3
242,266.5,163,323,2
242,266.685,162.899,324,2
242,267.315,162.899,325,2
242,267,161.5,326,2
242,267.272,162,327,2
242,267,162.5,328,2
242,267,163.5,329,2
242,266.158,163.158,330,3
242,266.463,163.463,331,2
242,265.444,163.465,333,2
242,264.5,163,334,3
243,219.677,168.323,325,2
243,220.448,168.448,326,3
244,511.761,30,325,2
244,508.925,28.282,326,2
244,508.83,29.079,327,4.431
244,508.719,28.944,328,4.276
244,508.407,28.319,329,2
244,508.482,28.482,330,2
244,508.498,28.983,331,2
245,243.448,399.552,328,2
245,242.219,400.398,329,2
245,242.448,400.448,330,2
245,243.728,402,332,3
245,243.728,402,333,3
245,244.5,402,334,2
245,244.781,401.602,335,2
245,244.5,402,336,2
245,244.552,401.448,337,3
246,408.498,261.014,332,2
246,408.315,261.101,333,2
246,408.842,261.158,334,2
246,408.219,261.398,335,2
246,408.5,261,336,4.087
246,408,261.5,337,2
247,508.502,29.017,331,4.51
247,508.881,29.592,332,4.465
247,508.325,29.675,333,2
247,508,30,334,2
247,508.837,29.915,335,8.509
247,507.761,29,336,2
247,508.685,29.101,337,2
247,506.842,29.394,338,3
247,506.842,30.842,339,3
247,505.602,30.781,340,3
247,507,31,341,4.431
247,506.685,31.101,342,4.141
247,507.408,31.119,343,4.461
247,507.621,31.273,344,4.463
247,507.408,29.119,345,2
247,507.502,29.014,346,4.474
248,265.444,163.535,333,2
248,264.5,163,334,3
248,265,163.272,335,2
248,265,163,336,3
248,265.101,162.315,337,2
248,264.832,162,338,3
248,265.484,161.487,339,2
248,265,162.5,340,2
248,264.5,163,341,3
248,264.315,163.101,342,2
248,262.5,163,343,3
248,262.448,162.552,344,2
248,262.272,164,345,3
248,262.252,164.544,346,3
248,261.119,164.881,347,2
248,261.101,164.685,348,2
248,260.552,164.552,349,2
248,260.781,165.398,350,2
248,260.158,165.158,351,2
248,260.5,164,352,2
248,260.5,164,353,3
248,260.5,164,355,3
248,260.5,165,356,2
248,260.168,165,357,3
248,260.5,165,358,2
248,261.685,164.101,359,2
248,261.728,164,360,3
248,261.685,163.899,361,2
248,262,164,362,3
248,262.5,164,363,2
248,262.5,164,364,3
248,262.5,164,365,2
248,262,164.5,366,2
248,261.501,164.165,367,3
248,262.168,164,368,3
248,262,164.5,369,2
248,262,163.5,370,2
248,262.5,164,371,3
248,263,163.5,372,2
248,263.463,163.463,373,3
248,264,163.5,374,4.141
248,263.748,163.544,375,3
248,263,163.5,376,2
248,263.158,163.158,377,2
248,263,163.728,378,2
248,263,163.5,379,2
248,264.359,163.251,380,2
248,265,162.5,381,3
248,265,162.5,382,2
249,266.463,163.537,331,2
249,265.748,163.544,332,3
249,265.556,163.535,333,2
250,244.5,402,336,2
250,244.448,401.552,337,2
250,244,401.5,338,2
250,243.552,401.448,339,2
251,244.448,401.448,337,2
251,244,401.5,338,2
251,243.448,401.552,339,2
251,243.272,402,340,2
251,243.842,402.842,341,2
251,244.75,402.802,342,3
251,243.781,402.602,343,2
251,243.552,403.448,344,2
251,243.552,403.448,346,2
251,243.781,403.398,347,2
251,243.158,403.842,348,2
251,243.448,403.552,349,2
251,243.219,403.602,350,2
251,243.5,404,351,2
251,242.272,405,352,2
251,242,404.761,353,2
251,241.272,404,354,2
251,241.272,404,355,3
251,240.899,404.315,356,3
251,241,403.5,357,2
251,241,403.5,358,2
251,241.219,403.602,359,2
251,241.5,404,360,2
251,241.728,404,361,3
251,242.158,402.842,362,2
251,241.781,402.398,363,2
251,242,402.272,364,2
251,240.881,402.881,365,2
251,241.5,403,366,2
251,241.158,403.158,367,2
251,240.728,403,368,2
251,240.272,403,369,3
251,240.5,403,370,2
251,240.272,402,371,2
251,240.728,402,372,2
251,241,401.5,373,2
251,241,401.5,374,2
252,408.5,261,336,4.087
252,408,261.5,337,2
252,408.676,261.062,338,3
252,408.5,261,339,3
252,408,260.761,340,2
252,408.272,261,341,2
252,408.315,260.899,342,2
252,408.394,260.842,343,2
252,408.119,260.881,344,2
252,408,261.728,345,2
252,408.119,261.119,346,3
252,408,261.272,347,2
252,408.676,261.062,348,2
252,408.536,261.38,349,2
253,465.552,261.448,337,2
253,466.323,261.677,338,2
253,467.448,262.448,340,2
253,466.552,261.448,341,3
254,467.448,262.552,340,2
254,466.552,261.552,341,2
255,102.781,350.398,338,2
255,102.552,350.448,339,2
256,243.552,403.552,344,2
256,243.781,403.602,345,2
256,243.552,403.552,346,2
257,262.5,163,343,3
257,262.552,162.552,344,2
258,507.498,28.986,346,2
258,507,29,347,3
258,507.077,29.258,348,3
258,506.157,28.881,349,6.419
258,506.731,28.236,350,4.478
258,504.629,27.371,351,8.509
258,504.279,26.721,352,2
258,505.041,27.734,353,2
258,505.215,27.785,354,3
259,466.552,263.552,348,3
259,466.552,263.552,349,3
259,467,261.5,350,2
259,467.448,261.448,351,3
260,468,261.761,346,3
260,467,262.761,347,2
260,466.552,263.448,348,2
260,466.552,263.448,349,2
260,467,261.5,350,2
261,104.677,350.323,347,2
261,105.5,350,348,2
261,105.5,350,349,2
262,105.5,350,348,2
262,105.5,350,349,2
263,465.448,262.448,336,2
263,465.448,261.552,337,2
264,408.464,261.38,349,3
264,408.315,261.101,350,2
264,408.252,261.456,351,3
264,408,261,352,2
264,408.279,261.279,353,2
264,408.748,261.456,354,3
264,408.219,261.398,355,2
264,408.25,260.802,356,3
264,408.5,261,357,3
264,408.312,260.867,358,2
264,408,261.5,359,2
264,408.881,261.119,360,4.395
264,408.338,261,361,3
264,407.986,261.498,362,3
264,408.448,261.448,363,2
264,408,261,364,2
264,408.448,261.448,365,2
264,408.5,261,366,3
264,407.677,261.323,367,2
264,408.448,261.448,368,2
264,408,261,369,3
264,408.5,261,370,2
264,408,261.5,371,2
265,260.5,164,352,2
265,260.5,164,353,3
265,260.728,164,354,3
265,260.5,164,355,3
265,260.5,165,356,2
266,104,352,353,2
266,104.239,353,354,2
267,504.005,29.822,356,6.155
267,502.455,29.345,357,9
267,504.821,31.23,358,8.675
267,506.157,31.246,359,8.806
268,470.323,263.677,359,2
268,470.448,264.448,360,3
269,470.552,264.552,360,3
269,470.677,265.323,361,2
269,470.239,266,362,2
269,471.448,266.448,364,2
269,471.448,267.448,365,3
269,471.448,268.448,366,2
270,506.357,30.595,363,6.337
270,506.614,32.013,364,7.494
270,505.6,31.731,365,6.139
270,504.602,30.781,366,8.917
270,505.085,30.566,367,8.983
270,505.165,30.501,368,9
270,507.383,31.899,369,8.509
270,506.544,31.252,371,3
270,506.398,32.219,372,2
270,508.48,33.023,373,4.386
270,506.677,32.323,374,7.494
270,506.602,31.781,375,9.028
270,506.737,32.176,376,4.431
270,508.344,32.656,377,8.118
270,509.464,33.38,378,8.917
271,262.5,164,363,2
271,262.5,164,364,3
271,262.5,164,365,2
271,262,164.5,366,2
271,261.499,164.165,367,2
271,262,164.5,369,2
271,262,163.5,370,2
271,262.5,164,371,3
271,263,163.5,372,2
272,471.552,266.552,364,3
272,471.552,267.552,365,2
272,471.552,268.552,366,3
272,471.5,269,367,2
272,472.398,268.781,368,3
272,473.272,269,369,2
272,473.448,269.448,370,2
272,472.448,268.448,371,4.506
273,106,355,367,2
273,105.677,354.323,368,2
274,471.448,266.552,364,2
274,471.448,267.552,365,2
274,471.448,268.552,366,4.506
274,471.5,269,367,2
275,471.552,266.448,364,2
275,471.552,267.448,365,2
275,471.552,268.448,366,2
276,408.552,261.448,365,2
276,408.5,261,366,3
277,473.552,269.552,370,3
277,472.552,268.552,371,2
277,472.761,269,372,2
277,473.448,269.448,373,2
277,473,268.761,374,2
277,473,267.761,375,2
277,472.552,269.448,376,2
277,471.552,268.448,377,4.431
277,471.552,268.448,378,2
278,473.448,269.552,370,2
278,472.448,268.552,371,2
279,473.552,269.448,370,2
279,472.552,268.448,371,3
280,408.5,261,370,2
280,408,261.5,371,2
280,408.219,261.602,372,2
280,407.677,261.323,373,3
280,408.315,261.101,374,2
280,408.448,261.448,375,2
281,241,401.5,373,2
281,241,401.5,374,2
281,240.398,400.781,375,2
281,240,400,376,2
281,239.842,400.158,377,2
281,239,399.5,378,2
281,237.219,400.398,379,2
281,236.552,400.448,380,2
282,408.552,261.448,375,2
282,409,261.168,376,3
282,408.728,261,377,3
282,408.728,261,378,2
282,408.315,261.101,379,2
282,408.5,262,380,2
282,408.502,261.014,381,2
282,408.165,261.501,382,2
282,408.444,261.535,383,2
283,472.552,269.552,376,2
283,471.552,268.552,377,3
283,471.552,268.552,378,3
283,471.5,269,379,2
283,472.448,267.552,380,2
284,472.448,269.552,376,3
284,471.448,268.552,377,4.431
284,471.448,268.552,378,2
284,471.5,269,379,2
284,472.552,267.552,380,2
284,473,267,382,2
284,473,267,383,2
284,473,267.239,384,2
285,472.448,269.448,376,2
285,471.448,268.448,377,2
285,471.448,268.448,378,2
286,101.842,351.158,376,2
286,101.728,352,377,2
286,101.323,352.323,378,2
286,100.552,352.448,379,2
286,100.552,354.448,381,2
286,99.552,354.448,382,3
287,506.602,31.781,382,2
287,508,30,383,4.461
287,507.677,30.677,384,3
287,508.867,29.688,385,8.917
287,510,29.5,386,9.028
288,265,162.5,381,3
288,265,162.5,382,2
288,265,162.728,383,2
288,264.781,162.602,384,2
288,264.685,162.899,385,3
288,265.219,162.602,386,2
288,265.315,162.899,387,2
288,266,163.239,389,2
288,265.761,163,390,3
288,265.602,162.781,391,3
288,266.448,164.552,392,3
288,266.448,164.552,393,2
289,408.556,261.465,383,3
289,408.501,261.165,384,2
289,408,261,385,3
289,408.119,261.119,386,2
289,408.315,261.101,387,2
289,408.315,261.101,388,2
289,408.552,261.448,389,3
289,408.323,261.323,390,3
289,408,261.5,391,2
289,408.219,261.602,392,2
289,408.252,261.456,393,4.395
289,408.768,261,394,3
289,408.398,260.781,395,2
289,408.5,261,396,3
289,408.252,261.544,397,3
289,408,261.5,398,2
289,408.407,261.319,399,2
289,408,260.761,400,3
289,408.02,261.823,401,2
289,408.5,261,402,3
289,408.315,261.101,403,2
289,407.802,261.25,404,3
289,408.168,261,405,2
289,408.219,261.398,406,2
289,408.168,261,407,3
289,409,261.272,408,2
289,408.062,261.324,409,2
289,407.748,261.456,410,3
289,407.82,261.456,411,3
289,407.501,261.012,412,3
289,408,261,413,2
289,409,262,414,2
289,408.5,261,415,3
289,408,261,416,3
289,408.5,261,417,2
289,408.133,261.312,418,2
289,408.499,261.165,419,2
289,408.279,261.279,420,2
289,408.448,261.448,421,4.431
290,100.448,354.552,381,2
290,99.448,354.552,382,2
290,99,354.761,383,2
290,99.323,354.323,384,2
290,99,354,385,2
290,98.552,353.552,386,2
290,98.552,353.552,387,2
290,98.552,353.552,388,2
290,98.552,353.448,389,2
290,99,354.761,391,2
290,99,355.761,392,2
290,99.239,356,393,2
290,99.5,356,394,2
290,100.448,355.552,395,2
290,100.448,355.552,396,2
291,236.448,400.552,380,2
291,236.158,401.158,381,2
291,236.272,402,382,2
291,236.552,401.552,383,2
291,237,401.761,384,2
291,237.448,401.448,385,3
291,238.728,402,386,2
291,239.448,401.552,387,2
292,408.5,262,380,2
292,408.498,260.986,381,2
292,408.165,261.499,382,4.292
292,408.444,261.465,383,2
293,100.448,354.448,381,2
293,99.448,354.448,382,4.506
294,239.552,401.448,387,2
294,239.842,401.158,388,2
294,240.881,401.881,389,2
294,240.552,401.552,390,2
295,98.448,353.552,386,2
295,98.448,353.552,387,2
295,98.448,353.552,388,2
296,98.448,353.448,386,2
296,98.448,353.448,387,3
296,98.448,353.448,388,3
296,98.448,353.448,389,3
297,511.474,27.507,388,8.536
297,511.231,28.551,389,6.425
297,509.39,28.355,390,8.317
297,509.837,28.085,391,4.475
297,508.677,27.677,392,3
297,510.439,27.575,393,5.974
298,472.239,268,388,2
298,471.761,268,389,2
298,471.448,267.448,390,2
298,471,267.239,391,2
298,472.448,266.552,392,3
299,240.448,401.448,390,2
299,239.728,401,391,3
299,240.513,401.484,392,2
299,240.728,402,393,2
299,241,402.239,394,2
299,241.781,402.398,395,2
299,241.5,403,396,2
299,241.272,402,397,3
299,241.272,402,398,3
299,240.842,402.842,399,2
299,240,403.5,400,2
299,241.552,404.552,402,3
299,240.119,404.119,403,2
299,239.552,403.552,404,2
300,472.552,266.552,392,2
300,473.219,266.602,393,3
300,474.448,267.448,394,3
300,475,268,395,2
300,476.239,268,396,2
300,475.761,268,397,2
300,474.448,268.552,398,2
300,473.781,269.398,399,2
300,473.552,268.552,400,3
301,266.552,164.448,393,2
301,266,163.5,394,2
301,264.219,163.398,395,2
301,265.272,163,396,3
301,265.272,163,397,3
302,99.5,356,394,2
302,100.448,355.448,395,2
302,100.448,355.448,396,3
303,266.448,164.448,393,2
303,266,163.5,394,2
304,100.552,355.552,395,2
304,100.552,355.552,396,2
304,101.552,355.552,398,3
304,101.219,355.398,399,2
304,102.761,355,401,2
304,102,355.761,402,2
304,102,356,403,2
305,100.552,355.448,395,3
305,100.552,355.448,396,2
306,508.202,32.161,404,8.451
306,507.684,32.625,405,6.163
307,472.239,272,404,2
307,473.448,271.552,405,2
307,473.448,271.552,406,2
307,472.552,271.552,408,2
307,472.5,272,409,2
307,472,271.5,411,2
307,471.552,272.448,412,2
308,239.552,403.448,404,2
308,240,402.5,405,3
309,239.448,403.448,404,2
309,240,402.5,405,3
309,240,402,406,2
309,239.781,401.602,407,2
309,240.219,401.602,408,2
309,239.552,401.552,409,2
309,240,402,410,3
309,240.239,402,411,2
309,239.552,402.448,412,2
309,239.552,403.448,413,2
310,473.552,271.448,405,2
310,473.552,271.448,406,2
310,474.448,271.448,407,2
310,472.552,271.448,408,3
311,101.323,355.323,406,2
311,101,354.5,407,2
311,100.552,355.448,409,2
311,101.552,354.448,410,3
312,473.448,271.448,405,2
312,473.448,271.448,406,3
312,472.448,271.552,408,2
312,472.5,272,409,2
312,471.728,272,410,2
312,472,271.5,411,2
312,471.448,272.448,412,2
313,473.552,271.552,405,3
313,473.552,271.552,406,2
314,101,354.5,407,2
314,100.677,355.677,408,2
314,100.552,355.552,409,3
314,101.552,354.552,410,2
315,506.081,33.877,411,3
315,505.323,33.677,412,2
315,505.648,33.882,413,4.382
315,503.842,34.158,414,8.806
315,504.967,34.466,415,2
316,471.448,272.552,412,2
316,470.323,273.323,413,2
316,470.323,273.323,414,2
316,469.677,274.677,415,2
316,469.842,274.158,416,2
316,469.448,273.448,417,2
316,470.448,274.448,419,2
316,470.323,274.323,420,3
316,470,275,421,2
316,469.983,274.498,422,2
316,469.448,273.448,423,4
316,467.552,274.448,424,2
316,467.552,273.448,425,3
317,239.552,402.552,412,3
317,239.552,403.552,413,2
318,239.448,402.552,412,2
318,239.448,403.552,413,2
319,239.448,402.448,412,4.092
319,239.448,403.448,413,2
319,239.239,403,414,2
319,239.219,402.398,415,2
320,104.552,353.448,416,2
320,104.5,352,417,2
320,105,352,418,2
320,106.552,352.448,420,2
320,105.552,352.448,421,2
321,104.448,353.448,416,2
321,104.5,352,417,2
322,267.781,157.602,418,2
322,267.748,157.456,419,3
322,267.899,156.315,420,3
322,268,156,421,3
322,268.448,156.448,422,2
323,106.552,352.552,420,3
323,105.552,352.552,421,2
323,105.323,352.677,422,2
323,105.552,353.552,423,2
324,239.552,401.448,419,2
324,240,401,420,2
324,240.158,401.158,421,2
324,240.448,401.448,422,2
324,239.448,402.448,423,2
324,240.448,403.448,424,2
324,240,403,425,2
324,239.219,403.602,426,2
324,239.448,403.552,427,3
324,239.448,403.552,428,3
325,408.448,261.552,421,2
325,408.315,261.899,422,2
325,408.168,261,423,2
325,408.781,261.398,424,2
325,408.832,261,425,2
325,408.778,260.815,426,2
325,408.5,261,427,3
325,408.802,261.25,428,3
325,408,261,429,3
325,408.676,260.938,430,2
325,408,261.272,431,2
325,408.502,261.014,432,3
325,407.852,261.102,433,3
325,408.728,262,434,2
325,409,261,435,2
325,408.323,260.677,436,3
325,408,261,437,4.431
325,408.135,261.294,438,3
325,408.252,261.456,439,3
325,408.5,261,440,3
325,408.219,261.398,441,3
325,408,261.5,442,2
325,408.342,261.458,443,4.473
325,408.272,261,444,2
325,408.448,261.448,445,2
326,240.552,401.552,422,2
326,239.552,402.552,423,2
326,240.552,403.552,424,3
327,240.448,401.552,422,2
327,239.448,402.552,423,3
327,240.448,403.552,424,4.506
328,240.552,401.448,422,3
328,239.552,402.448,423,2
328,240.552,403.448,424,2
329,506.1,34.822,425,8.509
329,505.719,35.525,426,8.623
329,502.878,36.991,427,3
329,506.672,36.04,428,8.917
329,507.584,36.072,429,8.553
329,508.507,38.011,430,9.02
329,507.501,35.477,431,8.446
330,467.552,274.552,424,3
330,467.552,273.552,425,2
330,465.552,274.552,426,4.506
331,467.448,274.552,424,2
331,467.448,273.552,425,2
331,465.448,274.552,426,3
332,467.448,274.448,424,3
332,467.448,273.448,425,2
332,465.448,274.448,426,2
332,464.677,274.323,427,2
332,465.323,275.323,428,2
332,464.448,275.448,429,3
333,239.552,403.552,427,2
333,239.552,403.552,428,4.506
334,239.552,403.448,427,2
334,239.552,403.448,428,2
335,239.448,403.448,427,2
335,239.448,403.448,428,2
336,268.252,154.544,431,3
336,267.728,155,432,3
337,465.761,275,432,2
337,466.448,275.448,433,2
338,466.552,275.448,433,2
338,467.239,275,434,2
339,268.035,154.657,437,4.461
339,269.606,155.158,438,2
339,269,154.5,439,2
340,240.5,403,434,2
340,240,403,435,2
340,240.448,401.448,437,2
340,239.781,401.398,438,2
340,239,402,439,2
340,239.728,402,440,2
340,239,402,441,2
340,239.219,401.398,442,2
340,239.272,401,443,2
340,238.781,400.602,444,2
340,239,400.5,445,2
340,238.448,399.552,446,2
340,238.448,399.552,447,2
340,237.448,400.552,448,2
340,236.899,400.685,449,2
340,237.5,400,450,2
340,237.552,400.552,451,2
340,238.398,399.781,452,2
340,238.552,400.552,453,2
340,238.842,400.842,454,2
340,239.781,400.398,455,2
340,238.552,399.552,456,2
340,237.552,400.552,458,3
340,236.5,401,459,2
340,236.552,401.448,460,2
340,237,401.5,461,2
341,504.602,35.219,438,8.675
341,506.045,34.045,439,4.39
341,505,35,440,8.468
341,504.552,35.448,441,2
342,465.552,276.552,438,2
342,465.5,277,439,2
343,465.448,276.552,438,2
343,465.5,277,439,2
344,504.448,35.552,441,2
344,504.323,35.677,442,2
344,503.692,35.536,443,6.454
345,464.552,280.552,444,3
345,463.552,280.552,445,2
345,464.552,280.552,446,2
346,464.448,280.552,444,2
346,463.448,280.552,445,3
346,464.448,280.552,446,2
346,463,281.239,447,2
346,462.781,281.398,448,2
346,463,280.761,449,2
346,463.219,282.602,451,2
346,463.448,282.448,452,3
346,464.448,283.552,453,2
346,465.552,282.552,454,2
346,465.552,283.552,455,3
347,464.552,280.448,444,2
347,463.552,280.448,445,2
347,464.552,280.448,446,2
348,464.448,280.448,444,2
348,463.448,280.448,445,2
348,464.448,280.448,446,3
349,506.239,37,445,2
349,503.117,34.991,446,7.555
349,502.688,35.133,447,2
349,502.602,35.219,448,3
349,502.727,35.379,449,4.267
349,502,34.5,450,2
349,502.296,35.8,451,2
349,502.398,34.781,452,2
349,502.602,35.219,454,3
349,502.398,34.781,455,2
349,503.413,34.828,456,3
349,503.219,34.602,457,3
349,503.219,35.602,458,3
349,502.993,35.706,459,6.454
349,501.949,37.157,460,8.917
349,502.077,36.512,461,4.453
349,504.492,38.268,462,4.475
349,504.005,38.822,463,4.478
349,503.731,39.002,464,8.917
349,502.08,36.943,465,8.509
349,502.239,37,466,2
349,501.101,37.685,467,9.028
349,500.552,37.448,468,2
349,502,36.5,469,3
349,502.605,36.796,470,2
349,502.602,36.781,471,3
349,503.621,36.273,472,4.475
349,503.526,35.897,473,4.45
349,503,35.5,474,3
349,504.262,36.057,475,2
349,504,35.442,476,2
349,503.629,35.371,477,2
349,504.842,35.842,478,8.509
349,504.677,36.323,479,3
349,505.345,37.196,480,4.392
349,506.444,37.465,481,2
349,505.591,37.107,482,4.45
349,504.83,37.079,483,4.392
349,504.188,36.373,484,7.487
350,270,155.728,445,2
350,269.832,156,446,3
351,408.552,261.448,445,2
351,408.781,261.398,446,2
351,408.315,261.101,447,2
351,408,261.5,448,4.461
351,408.5,261,449,2
352,239,400.5,445,2
352,238.552,399.552,446,2
352,238.552,399.552,447,2
352,237.552,400.552,448,2
353,238.552,399.448,446,2
353,238.552,399.448,447,3
354,238.448,399.448,446,2
354,238.448,399.448,447,2
354,237.552,400.448,448,2
355,408,261.5,448,4.461
355,408.5,261,449,2
355,408.552,261.915,450,2
355,408.324,261.062,451,3
355,408,261.419,452,4.395
355,408.5,261,453,2
355,408.119,261.881,454,2
355,408.101,261.315,456,4.141
355,408.728,261,457,2
355,408.552,261.448,458,3
355,408.556,261.465,459,4.048
356,270,155,449,3
356,269.552,155.448,450,2
356,269.5,155,451,2
356,268.552,155.552,452,2
356,269.552,156.448,453,2
356,269.606,156.158,454,3
356,269.552,156.448,455,2
357,269.448,155.448,450,2
357,269.5,155,451,2
357,268.552,155.448,452,3
358,268.448,155.552,452,4.092
358,269.448,156.448,453,2
358,269.552,156.552,455,2
358,269.728,157,456,3
358,270,157.5,457,2
358,270.101,156.685,458,3
358,271.119,156.119,459,2
358,271,155.5,460,2
358,271.219,155.602,461,2
358,271,155.5,462,2
358,271.272,155,463,3
358,272.158,155.158,464,2
358,273,155,465,2
358,273.158,153.842,466,2
358,273,153.5,467,2
358,273.5,154,468,2
359,465.552,282.448,454,3
359,465.552,283.448,455,2
359,466,282,456,4.431
359,465.552,282.448,457,2
359,464.552,282.448,458,2
359,464.552,281.552,459,2
359,464.5,281,460,2
359,464,281,461,3
359,464.677,281.677,462,2
359,464,281.5,463,2
359,464.781,279.602,464,2
359,465.239,281,465,2
359,465.239,280,466,2
359,465.781,280.602,468,3
359,466.552,281.448,469,3
359,467.448,282.448,470,2
360,465.448,282.448,454,2
360,465.448,283.448,455,2
360,465.552,282.552,457,3
360,464.552,282.552,458,2
361,238.448,399.448,456,2
361,237.552,399.448,457,2
361,237.552,400.448,458,2
361,236.552,401.552,460,2
361,237,401.5,461,2
361,237.272,401,462,2
361,237.219,401.398,463,2
361,237.272,401,464,2
361,235.219,401.602,465,2
361,234.728,401,467,3
361,234.398,400.219,468,3
361,234.728,400,469,2
361,235.448,399.552,470,2
362,408.448,261.448,458,2
362,408.444,261.465,459,2
362,408.119,260.881,460,3
362,408.338,261,461,3
362,408,261.5,462,2
362,408,261.272,463,2
362,408.272,261,464,2
362,408.606,260.842,465,3
362,408.781,261.398,466,2
362,407.5,261,467,3
362,408.448,261.552,468,2
363,237.448,400.552,458,2
363,236.5,401,459,2
363,236.448,401.448,460,2
364,273,153.5,467,2
364,273.5,154,468,2
364,273.158,153.842,469,2
364,272.119,153.881,470,2
364,271.552,153.552,471,2
365,407.5,261,467,3
365,408.448,261.448,468,2
365,408.499,261.165,470,2
365,408.315,261.101,471,4.395
365,407.844,261.156,472,3
365,408.157,260.95,473,4.45
365,408.315,261.101,474,4.292
365,408,261.272,475,2
365,408.448,260.552,477,2
365,408.119,261.119,478,2
365,407.781,261.398,479,3
365,408.915,261.552,480,2
365,408.315,261.101,481,2
365,408.606,261.158,482,3
365,408.315,261.101,483,4.141
365,408,261.5,484,2
365,408,261,485,3
365,408.219,261.602,486,2
365,408.456,260.82,487,3
365,408.315,260.899,488,2
365,408.165,260.501,489,4.431
365,408.685,260.899,490,3
365,408.323,261.323,491,4.506
365,408,261.5,492,2
365,408.444,261.535,493,2
365,408,261.5,494,2
365,408.728,261,495,2
365,408.501,261.165,496,2
366,408.552,261.552,458,3
366,408.556,261.535,459,2
367,408.448,261.552,458,2
367,408.444,261.535,459,3
368,271.552,153.448,471,2
368,272.398,153.219,472,2
368,272,153,473,2
368,272,151.5,474,2
369,467.552,282.448,470,2
369,468.448,282.448,471,2
369,468.448,283.448,472,2
369,469,282.728,473,2
369,469.448,281.552,474,2
369,469,282,475,2
369,469,283,476,2
369,468.448,283.448,477,2
370,235.552,399.552,470,2
370,236.728,400,471,2
370,236.842,401.158,472,2
370,237,401.239,473,2
370,237.25,400.802,474,3
370,238,401,475,2
370,238.272,401,476,2
370,238.552,400.552,477,2
370,237.781,401.398,478,2
370,237.728,400,479,2
370,237.728,401,480,3
370,237.5,402,481,2
370,237.158,401.842,482,2
370,236.448,402.552,483,2
370,236.448,403.448,484,3
371,271.448,151.448,477,2
371,271.158,150.158,478,2
371,270.5,150,479,2
371,270.448,150.448,480,2
371,270.448,150.448,481,2
372,270.5,150,479,2
372,270.552,150.448,480,2
372,270.552,150.448,481,2
372,270.899,150.315,482,3
372,270.272,150,483,2
372,269.842,149.842,484,2
372,269.881,149.119,485,3
372,269.272,150,486,3
372,268.537,150.463,487,2
373,469.728,285,480,2
373,470.448,286.552,481,2
373,469.552,285.552,482,2
373,469.552,284.552,483,3
374,270.552,150.552,480,3
374,270.552,150.552,481,2
375,270.448,150.552,480,3
375,270.448,150.552,481,2
376,469.448,285.552,482,3
376,469.448,284.552,483,2
376,468.448,284.552,484,3
377,469.552,285.448,482,2
377,469.552,284.448,483,2
378,469.448,285.448,482,2
378,469.448,284.448,483,2
378,468.448,284.448,484,2
378,469.448,282.552,486,2
378,469.448,283.552,487,2
378,469.448,284.448,488,2
378,470.448,283.448,489,3
379,236.552,403.552,484,2
379,236.781,403.602,485,2
379,237.219,404.398,486,2
379,237.279,404.279,487,3
379,237,403.5,488,2
379,237.881,403.881,489,2
379,237.552,403.552,490,3
379,238,404.5,491,2
380,507.252,38.456,486,7.5
380,507.408,37.119,487,4.474
380,508.448,37.448,488,2
381,268.537,150.537,487,3
381,268.728,151,488,3
381,269.219,149.602,489,2
381,268.728,150,490,3
381,268.5,150,491,2
381,268,150,492,3
381,268.728,150,493,2
381,268,150.5,494,2
381,268.448,151.448,495,2
382,508.552,37.448,488,2
382,508.593,36.681,489,2
382,509.219,36.398,490,2
382,509.182,35.857,491,2
382,509.279,34.721,492,2
382,508.395,35.204,493,2
382,508.502,35.014,494,2
382,509.168,35,495,2
382,508.371,34.629,496,2
382,508.444,33.535,497,2
383,469.552,284.552,488,2
383,470.552,283.552,489,3
383,471,283.761,490,2
383,471.448,283.552,491,2
384,469.448,284.552,488,2
384,470.448,283.552,489,2
385,469.552,284.448,488,2
385,470.552,283.448,489,2
385,471.552,283.552,491,2
385,472.602,283.781,492,2
385,474.448,284.448,493,2
386,466.552,281.552,469,2
386,467.448,282.552,470,2
387,408.552,261.552,468,3
387,408.685,261.899,469,2
387,408.501,261.165,470,2
388,237.448,403.552,490,2
388,238,404.5,491,2
388,237.728,405,492,3
388,237.781,405.398,493,2
388,238.101,405.315,494,3
388,238.272,406,495,3
388,238,406,496,2
388,239.448,405.552,497,2
388,240.448,405.552,498,2
388,240.448,405.552,499,3
388,241,406.5,500,2
388,241.158,407.158,501,2
388,240.552,407.448,502,3
388,240.448,407.448,504,2
388,239.728,407,505,3
388,240,407,506,3
388,240.101,406.685,507,2
388,240.602,406.219,509,2
388,241.272,406,510,2
388,241.728,406,511,3
388,242.272,407,512,2
388,242.272,407,513,2
388,241.781,407.398,514,2
388,241.5,407,515,2
388,243,407.5,516,2
388,243.5,407,517,2
388,243.448,406.448,518,2
388,244,407.5,519,2
388,244.728,408,520,3
388,245.448,407.552,521,2
388,246.842,408.158,522,2
388,247.5,409,523,2
388,247.5,409,524,2
389,467.552,282.552,470,2
389,468.448,282.552,471,2
389,468.448,283.552,472,2
390,268,150.5,494,2
390,268.448,151.552,495,2
391,474.448,284.552,493,3
391,474.239,286,494,2
391,474.448,285.552,495,2
391,474.239,285,496,2
391,474,286.239,497,2
391,474.5,287,498,2
391,473.552,287.448,499,2
392,408,261.5,492,2
392,408.444,261.465,493,2
392,408,261.5,494,2
392,408.499,261.165,496,2
392,408.291,260.814,497,4.431
392,408.781,261.398,498,2
392,408.677,261.323,499,2
392,408.537,261.463,500,3
392,407.552,261.448,501,2
392,408,261.5,502,2
392,408.252,261.456,503,2
392,408.119,261.119,504,2
392,408.379,261.273,505,2
392,408,261.5,506,2
392,407.832,261,507,3
392,408,261.5,508,2
392,408.842,261.158,509,2
392,408.158,261.158,510,3
392,408.5,261,511,2
392,408.053,260.625,513,4.449
392,409,261.728,514,2
392,408.315,261.101,515,3
392,408.5,261,516,2
392,408,261.272,517,2
392,408.337,261.196,518,3
392,408.448,261.448,519,4.092
393,239.552,405.552,497,2
393,240.552,405.552,498,2
393,240.552,405.552,499,2
393,241,406.5,500,2
394,239.552,405.448,497,2
394,240.552,405.448,498,2
394,240.552,405.448,499,3
395,239.448,405.448,497,2
395,240.448,405.448,498,2
395,240.448,405.448,499,2
396,508.444,33.465,497,2
396,507.728,33,498,2
396,507.219,33.398,499,3
396,507.315,33.899,500,3
396,507.169,33.331,501,4.473
396,506.979,32.847,502,2
396,506.324,32.062,503,4.431
396,505.675,31.325,504,4.45
396,506.153,31.11,505,4.449
396,505.473,31.725,506,4.451
396,506.499,31.165,507,3
397,408.537,261.537,500,2
397,407.552,261.552,501,2
397,408,261.5,502,2
398,473.448,287.448,499,2
398,472.728,287,500,2
398,472.781,287.398,501,3
398,471.5,288,502,2
398,471.448,288.448,503,2
398,472.552,287.448,505,2
398,473.158,287.158,506,2
399,474.5,287,498,2
399,473.552,287.552,499,2
400,471.5,288,502,2
400,471.552,288.448,503,2
400,472.761,288,504,2
400,472.552,287.552,505,2
401,506.501,31.165,507,2
401,507.842,30.842,508,2
401,506.593,31.681,509,2
401,505.781,31.602,510,4.51
401,505.359,32.251,511,2
401,504.685,32.101,512,4.431
401,504.324,32.349,513,2
401,504.464,32.472,514,4.431
401,503.844,32.156,515,3
401,504.502,32.014,516,2
401,505.029,32.505,517,4.431
401,503.499,31.835,519,4.474
401,502.899,31.315,520,4.292
401,501.876,31.722,521,4.431
401,501.124,32.278,522,4.372
401,501,32,523,2
401,501.615,31.615,524,4.431
401,502.498,31.986,525,2
402,474.5,290,508,2
402,474.448,289.552,509,2
403,474.5,290,508,2
403,474.552,289.552,509,2
403,475.552,289.552,510,2
404,267.748,153.456,509,3
404,268.198,153.25,510,3
405,474.552,289.448,509,2
405,475.552,289.448,510,2
405,473.552,288.552,512,2
405,473.842,289.158,513,2
405,474,289,514,2
405,475.448,289.448,515,2
405,474.398,289.219,516,2
405,473.842,288.842,517,2
405,473.552,289.448,518,3
405,472.552,290.448,519,2
406,474.448,289.448,509,3
406,475.448,289.448,510,2
406,474.602,288.219,511,2
406,473.552,288.448,512,2
407,241.5,407,515,2
407,243,407.5,516,2
407,243.5,407,517,2
407,243.552,406.448,518,2
407,244,407.5,519,2
408,270.158,154.158,517,3
408,269.158,154.158,518,2
408,269.315,153.899,519,2
408,269.448,154.448,520,2
408,269.277,153.214,522,2
408,269.448,154.448,523,2
408,269.272,154,524,3
408,269.448,154.448,525,2
408,269,153.5,526,2
408,270,153.5,527,2
409,504.498,31.986,516,2
409,504.971,32.495,517,2
409,504,31.272,518,2
409,503.501,31.835,519,3
410,408.552,261.552,519,2
410,408.537,261.537,520,2
411,408.552,261.448,519,2
411,408.537,261.463,520,2
411,408.394,261.158,521,3
411,408.448,261.448,522,3
411,408,261,523,2
411,408.456,260.748,524,4.395
411,408.324,261.062,525,2
411,407.842,261.158,526,3
411,408.448,260.552,527,3
411,408.5,261,528,3
411,408,261.5,529,2
411,408.119,260.881,530,2
411,408.315,261.101,531,3
411,408.119,260.881,532,2
411,408.5,261,533,2
411,408,261.5,534,2
412,473.448,289.448,518,2
412,472.448,290.448,519,2
412,471.842,290.158,520,2
412,471,290,521,2
412,471.448,289.552,522,2
412,471.448,289.552,523,2
412,471,290,524,2
412,470.552,289.552,525,3
413,471.552,289.552,522,3
413,471.552,289.552,523,2
414,471.552,289.448,522,2
414,471.552,289.448,523,2
415,471.448,289.448,522,2
415,471.448,289.448,523,3
415,470.448,289.552,525,2
415,470.119,290.119,526,2
415,469.761,288,528,2
415,469.448,288.448,529,2
416,269.552,154.448,525,2
416,269,153.5,526,2
416,270,153.5,527,2
416,270.323,153.323,528,3
416,270.5,153,529,2
416,271,152.761,530,2
416,271,151.5,531,2
416,271,151.5,532,2
416,271,151.5,533,2
416,270.899,150.315,534,2
416,271,150.5,535,2
416,270.881,150.881,536,2
416,271.219,151.398,537,3
416,271.448,151.448,538,2
416,271.448,152.448,539,2
417,247.5,409,523,2
417,247.5,409,524,2
417,247.448,409.552,525,3
417,247,408.5,526,2
417,247,408,527,3
417,246,408,528,3
417,245.842,407.842,529,2
417,246.219,407.602,530,2
417,246.602,407.219,531,2
417,247.448,407.448,532,2
418,502.502,32.014,525,2
418,502.542,32.342,526,2
418,502.537,33.463,527,2
418,501.763,32.826,528,3
418,502.499,32.835,529,2
418,502.315,33.101,530,2
418,502.305,32.862,531,3
418,501.615,32.615,532,3
418,501.842,31.842,533,3
418,502.499,31.835,534,2
418,502.499,32.165,535,2
418,502,32,536,3
418,501.342,32.542,537,4.473
418,500,32,538,3
418,500.721,32.279,539,2
418,500.498,32.986,540,4.292
418,499.537,33.463,541,4.431
419,408.552,260.552,527,4.431
419,408.5,261,528,3
419,408,261.5,529,2
420,469.448,288.552,529,2
420,468.761,289,530,2
420,468.158,288.158,531,2
420,467.552,287.552,532,2
420,468,288,533,3
420,467.219,287.602,534,2
420,467,288,535,2
420,467.448,288.552,536,3
420,468.448,289.448,538,2
420,469.219,289.398,539,2
420,469.448,289.448,540,2
420,469.448,290.448,541,2
421,247.448,407.552,532,2
421,247.158,407.842,533,2
421,247.119,408.119,534,2
421,247.728,408,535,2
421,247,407.5,536,4.141
421,247,407.5,537,2
422,502.501,31.835,534,2
422,502.501,32.165,535,2
423,408.5,261,533,2
423,408,261.5,534,2
423,408.641,261.251,535,2
423,408.685,261.101,536,2
423,408.315,260.899,537,2
423,409,261.239,538,3
423,408.315,261.101,539,2
423,408.252,261.544,540,3
423,408.448,260.552,541,3
423,407.832,261,542,3
423,408.448,261.448,543,2
423,408.734,261.041,544,2
423,408.219,261.602,545,2
423,408.663,261.196,546,4.508
423,408.252,261.456,547,4.461
423,408,261.5,548,2
423,408.723,260.786,549,2
423,407.842,260.842,550,2
423,407.728,261,551,2
423,408.5,262,552,2
423,408.252,261.456,553,2
423,408.158,261.158,554,2
423,408.842,261.158,555,3
423,408,261,557,2
423,408.778,261.185,558,2
423,408.685,261.101,559,2
423,409,261.272,560,2
423,408.219,261.602,561,2
423,408,261.5,562,3
423,408.842,261.158,563,2
423,408.501,261.165,564,2
423,408.5,261,565,2
424,247,407.5,536,4.141
424,247,407.5,537,2
424,247,407,538,3
424,246.899,406.315,539,2
424,246.272,406,540,3
424,246,405.728,541,2
424,246.448,405.552,542,2
425,271.552,151.552,538,2
425,271.552,152.552,539,2
426,271.448,151.552,538,2
426,271.448,152.552,539,2
427,271.552,151.448,538,2
427,271.552,152.448,539,2
428,469.552,289.552,540,2
428,469.552,290.552,541,2
428,470.323,291.323,542,2
428,469.219,291.398,543,2
428,469,289.239,544,2
428,468.5,289,545,2
428,468.219,289.602,546,2
428,467.552,289.448,547,2
428,467.552,289.448,548,2
429,469.448,289.552,540,2
429,469.448,290.552,541,3
430,469.552,289.448,540,2
430,469.552,290.448,541,2
431,473.552,289.552,518,2
431,472.552,290.552,519,3
432,473.448,289.552,518,2
432,472.448,290.552,519,2
433,499.537,33.537,541,3
433,500.324,34.062,542,3
433,500,35,543,3
433,499.458,35.658,544,3
433,498.501,36.165,545,2
433,498.615,36.615,546,3
433,498.615,36.615,547,3
433,498.501,36.835,548,2
433,499,37,549,3
433,498.843,36.95,550,3
433,498.615,37.615,551,3
433,499.02,37.177,552,2
433,499.496,37.496,553,3
433,498.781,37.398,554,2
433,498.119,36.881,555,2
433,499.119,36.881,556,2
433,499.463,36.537,557,2
434,246.552,405.448,542,2
434,247,405.5,543,2
434,246.728,405,544,3
434,247.448,405.552,545,2
434,247,406.5,547,2
434,247,406.5,548,2
434,246.448,407.448,549,3
435,246.552,405.552,542,2
435,247,405.5,543,2
435,247.552,405.552,545,3
435,247.728,406,546,3
435,247,406.5,547,2
435,247,406.5,548,2
435,246.552,407.448,549,2
435,247,407.5,550,2
435,247.272,408,551,3
435,247.448,407.552,552,2
435,247.448,408.552,553,2
435,247.272,409,554,2
435,246.552,408.552,555,2
435,247.272,409,556,2
435,245.323,409.677,558,2
435,244.677,408.677,559,2
435,244.398,407.781,561,2
435,244.748,407.544,562,3
435,245,407.5,563,2
436,246.552,407.552,549,2
436,247,407.5,550,2
436,247.448,407.448,552,2
436,247.448,408.448,553,2
437,247.552,407.552,552,2
437,247.552,408.552,553,3
438,247.552,407.448,552,2
438,247.552,408.448,553,2
439,499.537,36.463,557,3
439,499.832,36,558,3
439,499.542,36.342,559,4.48
439,499.676,35.938,560,3
439,499.802,36.25,561,3
439,499.342,37.542,562,2
439,501,37.5,563,3
439,502.182,37.857,564,4.431
439,502.498,37.986,565,4.431
440,245,407.5,563,2
440,245.781,408.398,564,2
440,245.552,408.448,565,2
441,408.499,261.165,564,2
441,408.5,261,565,2
