id,POSITION_X,POSITION_Y,FRAME,ESTIMATED_DIAMETER
0,31,24.5,0,4.794
0,31.361,24,1,4.74
0,30.648,24.73,2,4.794
0,30.772,25.348,3,4.763
0,30.5,26,4,4.762
0,29.772,25.652,5,4.582
0,30,25.361,6,4.74
0,29.882,24.418,7,4.763
0,29,24.5,8,4.707
0,28.613,24.613,9,4.708
0,29.202,25.202,10,4.582
0,29.613,24.613,11,4.582
0,29.513,24.513,12,4.705
0,29.164,24.836,13,4.74
0,29.882,24.582,14,4.685
0,29.5,25,15,4.685
0,30,25,16,4.74
0,30,24.639,17,4.685
0,29.348,24.772,18,4.582
0,29.067,24.839,19,4.708
0,28.387,24.613,20,3.722
0,28.348,24.772,21,4.707
0,27.387,24.613,22,4.582
0,27,24.5,23,4.705
0,27.118,24.418,24,4.794
0,27.5,24,25,4.685
0,27.613,24.387,26,3.969
0,26.772,24.348,27,4.763
0,27,24,28,4.687
0,26.5,24,29,4.763
0,26.51,23.704,30,4.763
0,26.49,23.704,30,3.721
0,26.387,23.613,31,4.708
0,25.525,23.525,32,4.708
0,24.613,22.613,33,4.794
0,24.59,22.231,34,3.618
0,24,22,35,4.794
0,23.51,22.296,36,3.721
0,23,22,37,3.619
0,22.681,22,38,3.618
0,22.648,21.73,39,4.707
0,23,22,40,3.62
0,22.772,21.348,41,3.722
0,23,21.5,42,4.705
0,23,22.5,43,4.707
0,23,23,44,4.794
0,23.772,23.348,45,4.707
0,24,23,46,3.973
0,23.5,23,47,2.1
0,23.319,23.234,48,4.794
0,23.772,23.652,49,3.722
0,23.228,23.652,50,4.708
0,22.862,23.171,51,2.1
0,23.475,23.475,52,3.618
0,24.228,24.348,53,3.722
0,24.5,24,54,3.551
0,24.681,24,55,3.618
0,25.525,24.475,56,2.1
0,25.772,24.652,57,3.722
0,27,25,58,3.619
0,27.613,24.613,59,3.722
0,27.839,24.933,60,3.618
0,27.502,24.815,61,3.619
0,28.387,25.387,62,3.722
0,27.502,26.185,63,2.1
0,27.502,26.815,64,2.1
0,27.498,26.815,64,2.1
0,26.772,27.652,65,3.722
0,27.161,27.933,66,3.618
0,28,27.5,67,4.763
0,27.319,28,68,4.794
0,26.792,27.706,69,3.619
0,26.158,27.948,70,3.617
0,26.842,28.052,71,4.794
0,26.51,28.296,72,4.707
0,26.681,28,73,4.794
0,27.228,28.348,74,4.708
0,27.161,27.933,75,3.619
0,26.502,27.185,76,2.1
0,25.5,27,78,3.722
0,25.161,27.067,79,3.618
0,25.657,26.922,80,3.723
0,25.161,26.067,81,4.857
0,25.321,25.895,82,2.1
0,25.819,25,83,3.621
0,26.525,24.525,84,4.794
0,26.525,25.525,85,4.794
0,26.321,25.895,86,3.62
0,27,26,87,3.62
0,26.772,25.348,88,3.722
0,27,25.5,89,4.708
0,26.458,25.645,90,2.1
0,27,25,91,3.619
0,26,25,92,3.619
0,25,25.5,93,4.763
0,25.228,26.652,94,3.722
0,24.819,26,95,3.62
0,25,25.5,96,2.1
0,25.819,25,97,3.62
0,26.613,24.387,98,3.722
0,26.165,24.165,99,3.723
0,26.525,23.525,100,3.619
0,26.819,25,101,3.62
0,26.819,25,102,3.62
0,27.228,25.652,103,4.707
0,26.525,26.525,104,3.617
0,25.772,26.348,105,3.722
0,25.679,25.895,106,2.1
0,25.181,26,107,3.62
0,24.734,25.442,108,3.683
0,24.835,25.165,109,3.723
0,24,25,110,2.1
0,24.165,24.835,111,3.723
0,24.819,25,112,3.723
0,24.877,25.101,113,3.619
0,24.181,25,114,2.1
0,23.772,25.652,115,3.722
0,23.772,25.652,116,3.722
0,23.819,26,117,3.724
0,24.321,25.895,118,2.1
0,24.819,25,119,3.62
0,25.681,25,120,3.618
0,26.4,25.275,121,2.1
0,26.819,25,122,3.723
0,26.525,25.475,123,4.794
0,26.679,25.105,124,3.548
0,27.47,24.523,125,4.738
1,22.268,16.094,0,4.763
1,22.348,17.228,1,4.763
1,21.348,17.772,2,3.722
1,20.582,18.118,3,4.794
1,20.5,18,4,4.687
1,21.348,17.772,5,4.763
1,21.387,17.613,6,3.722
1,21.181,18,7,3.621
1,21.319,18,8,3.618
1,21.491,17.734,9,4.705
1,22,18,10,3.617
1,23,18,11,3.721
1,23.839,17.933,12,3.617
1,23.228,18.348,13,3.721
1,23.319,18,14,3.618
1,23.511,17.609,15,4.704
1,23.5,17,16,3.617
1,23.772,17.348,17,4.707
1,23.481,16.368,18,4.736
1,23,16,19,4.794
1,22.882,15.582,20,4.763
1,22.319,16,21,3.618
1,21.781,15.796,22,4.705
1,22.673,16.045,23,3.616
1,23.156,16,24,4.794
1,23.189,15.716,25,4.762
1,23.369,15.891,26,4.794
1,23.638,15.582,27,3.718
1,23.906,15.732,28,4.707
1,23.839,15.933,29,3.722
1,24.228,16.348,30,3.722
1,24.327,15.955,31,4.794
1,23.839,15.933,32,4.794
1,24.324,15.676,33,3.618
1,23.772,15.652,34,4.708
1,23.992,15.499,35,4.707
1,24.051,15.698,36,4.705
1,24.921,16.046,37,4.763
1,24.845,16.385,38,4.763
1,24.772,15.652,39,4.708
1,24.525,16.475,40,4.794
1,24.483,16.623,41,4.794
1,24.713,16.287,42,2.1
1,24.613,15.613,43,3.722
1,24.613,15.613,44,4.707
1,25.228,15.348,45,4.707
1,24.352,15.27,46,4.705
1,23.772,15.348,47,4.708
1,24.161,14.933,48,3.619
1,24.158,14.948,49,3.616
1,25,14.117,50,3.617
1,25.051,13.698,51,4.822
1,25.531,13.253,52,3.616
1,24.906,12.732,53,3.72
1,25.511,13.391,54,4.704
1,24.906,12.732,55,3.721
1,25.914,13.09,56,4.701
1,25.511,13.391,57,4.704
1,25.693,13.563,58,4.794
1,25.161,14.067,59,3.618
1,25.498,14.815,60,2.1
1,24.763,13.797,61,4.794
1,23.772,13.652,62,3.722
1,23.906,13.732,63,4.707
1,23.935,14.611,64,4.704
1,23.913,14.871,65,4.705
1,24.613,16.613,66,3.722
1,24.995,16.5,67,3.619
1,24.5,16,68,4.707
1,24.38,16.08,69,4.838
1,24.268,17.094,70,4.707
1,24.5,17,71,4.707
1,24.847,18,72,4.794
1,25.321,18.105,73,2.1
1,25.362,17.688,74,3.617
1,25.503,17.985,75,4.763
1,24.582,18.362,76,4.762
1,24.348,17.772,77,4.707
1,24.5,18,78,4.763
1,24.348,17.772,79,4.707
1,24.487,17.513,80,4.705
1,23.635,18.327,81,3.72
1,23.722,17.744,82,4.822
1,24.268,16.906,83,3.72
1,24.348,16.772,84,3.722
1,24.715,16.915,85,4.823
1,24.369,17.718,86,3.614
1,24.117,18.084,87,2.1
1,23.209,18.319,88,4.794
1,23.564,18.22,89,2.1
1,23.5,18.003,90,3.615
1,23.95,18.191,91,4.794
1,24.468,18.484,92,2.1
1,24.874,17.451,93,4.761
1,25.327,16.955,94,4.794
1,24.839,16.972,95,4.794
1,25.197,17.149,96,2.1
1,24.839,16.972,97,4.794
1,25.327,16.955,98,3.614
1,24.839,16.972,99,4.794
1,25.327,16.955,100,3.615
1,25.78,16.754,101,2.1
1,25.5,16.997,102,3.615
1,24.913,16.871,103,4.794
1,25.628,17.271,104,4.822
1,26.586,17.414,105,4.839
1,26.191,17.024,106,4.226
1,25.923,17.077,107,4.761
1,26.129,17.087,108,4.794
1,26.222,16,109,4.762
1,26.494,16.493,110,4.704
1,26.862,15.709,111,4.822
1,27,15.681,112,3.618
1,27.457,15.349,113,3.616
1,27.369,15.214,114,4.705
1,26.732,14.906,115,4.705
1,25.73,15.352,116,4.763
1,26.268,15.094,117,4.794
1,26.008,14.501,118,4.708
1,25.862,14.171,119,2.1
1,26.835,14.165,120,3.722
1,26.645,14.542,121,2.1
1,26.847,14,122,4.708
1,27.385,13.155,123,4.763
1,27.039,12.862,124,4.794
1,27.681,12.541,125,4.702
1,28.052,12.158,126,4.822
1,28.5,12,127,4.763
1,28.652,11.228,128,3.973
1,28.59,10.231,129,3.618
1,28.613,10.387,130,3.722
1,28.008,10.499,131,2.1
1,27.321,11.238,132,4.702
1,27.476,11.278,133,3.614
1,27.436,10.78,134,2.1
1,27.478,10.514,135,3.68
1,27.189,10.284,136,4.704
2,22,11.35,0,4.794
2,22.243,11,1,4.74
2,21.872,11.873,2,4.794
2,21.75,12.404,3,4.763
2,21.674,12.964,4,4.74
2,21.055,12.831,5,4.582
2,21.06,12.173,6,4.74
2,20.632,11.488,7,4.763
2,19.882,11.418,8,4.763
2,19.738,11.618,9,4.708
2,20.118,12.118,10,4.582
2,20.757,11.757,11,4.582
2,20.48,11.483,12,4.705
2,20.164,11.836,13,4.74
2,20.762,11.727,14,4.685
2,20.605,11.93,15,4.685
2,21.064,11.936,16,4.74
2,21.043,11.675,17,4.685
2,20.244,11.986,18,4.582
2,19.939,11.799,19,4.708
2,19.556,11.733,20,4.821
2,19.244,11.759,21,4.707
2,18.243,11.757,22,4.582
2,18,11.35,23,4.794
2,18.168,11.296,24,4.794
2,18.601,10.854,25,4.685
2,18.549,11.171,26,3.969
2,17.75,11.404,27,4.763
2,17.882,10.954,28,4.687
2,17.482,10.96,29,4.578
2,17.698,10.748,30,4.763
2,17.155,10.728,31,4.708
2,16.679,10.591,32,4.708
2,15.745,9.616,33,4.794
2,15.504,9.238,34,3.618
2,15.167,9.135,35,4.794
2,14.437,9.332,36,4.822
2,13.927,9.006,37,3.619
2,13.673,8.955,38,3.618
2,13.647,8.705,39,4.707
2,14,8.883,40,3.62
2,13.92,8.38,41,3.722
2,14,8.65,42,4.794
2,13.951,9.622,43,4.763
2,14.077,10.06,44,4.794
2,14.683,10.396,45,4.707
2,14.867,10.052,46,3.973
2,14.343,10.078,47,3.551
2,14.284,10.243,48,4.794
2,14.803,10.526,49,3.722
2,14.205,10.695,50,4.708
2,13.985,10.35,51,2.1
2,14.589,10.411,52,4.794
2,15.094,11.268,53,3.722
2,15.343,11.078,54,3.551
2,15.673,11.045,55,3.618
2,16.346,11.515,56,2.1
2,16.766,11.729,57,3.722
2,17.842,12.052,58,3.619
2,18.63,11.612,59,3.722
2,19.014,11.946,60,3.618
2,18.356,11.734,61,4.794
2,19.146,12.467,62,3.722
2,18.286,13.246,63,2.1
2,18.286,13.754,64,2.1
2,17.92,14.62,65,3.722
2,18.318,14.854,66,3.618
2,18.88,14.509,67,4.763
2,18.156,15,68,4.794
2,17.833,14.736,69,3.619
2,17.186,14.952,70,3.617
2,17.782,15.155,71,4.794
2,17.594,15.369,72,4.707
2,17.844,15,73,4.794
2,18.219,15.204,74,4.708
2,18.156,14.887,75,3.619
2,17.484,14.211,76,2.1
2,16.745,13.616,77,4.794
2,16.546,13.866,78,3.722
2,15.986,14.054,79,3.618
2,16.695,13.792,80,3.723
2,16.108,13.191,81,4.857
2,16.293,12.866,82,2.1
2,16.839,12.067,83,3.621
2,17.476,11.524,84,4.794
2,17.476,12.524,85,4.794
2,17.457,12.851,86,3.62
2,18,13.117,87,3.62
2,17.92,12.38,88,3.722
2,18,12.5,89,4.708
2,17.66,12.542,90,2.1
2,17.842,12.052,91,3.619
2,17.189,12,92,3.619
2,15.882,12.582,93,4.763
2,16.08,13.62,94,3.722
2,15.681,13,95,3.62
2,16,12.5,96,2.1
2,16.875,11.851,97,3.62
2,17.854,11.467,98,3.722
2,17.057,11.207,99,3.723
2,17.49,10.704,100,3.619
2,17.923,11.811,101,3.62
2,17.681,12,102,3.62
2,18.343,12.667,103,4.707
2,17.347,13.453,104,3.618
2,16.92,13.38,105,3.722
2,16.723,12.675,106,2.1
2,16.319,13,107,3.62
2,15.863,12.353,108,3.683
2,15.943,12.207,109,3.723
2,15.045,12.011,110,2.1
2,15.071,11.666,111,3.723
2,15.709,12.138,112,3.723
2,15.921,12.101,113,3.619
2,15.227,12.099,114,2.1
2,14.803,12.526,115,3.722
2,14.92,12.62,116,3.722
2,14.847,13.211,117,3.724
2,15.277,12.675,118,2.1
2,15.927,11.939,119,3.62
2,16.673,11.955,120,3.618
2,17.351,12.363,121,2.1
2,17.709,12.138,122,3.723
2,17.509,12.438,123,4.794
2,17.66,12.05,124,3.548
2,18.862,11.459,125,2.1
2,19.652,10.911,126,2.1
2,20.371,11.62,127,3.57
2,19.692,12.08,128,3.621
2,18.584,13.41,129,2.1
2,18.562,13.313,130,2.1
2,19.152,13.589,131,2.1
2,18.413,12.937,132,2.1
2,18.137,12.353,133,3.683
2,17.854,12.533,134,3.722
2,17.927,12.939,135,3.62
2,17.39,12.202,136,2.1
2,17.924,12.566,137,2.1
2,18.41,12.769,138,3.55
2,18.508,12.657,139,2.1
2,19.019,13.127,140,2.1
2,19.015,13.3,141,2.1
2,19.199,13.296,142,3.548
2,19.503,12.804,143,3.548
2,19.735,13.254,144,3.548
2,19.724,13.103,145,3.548
2,20.645,13.542,146,2.1
2,20.935,13.935,147,2.1
2,21,14,148,2.1
2,21.545,13.814,149,3.547
2,21.682,13,150,3.498
2,22.355,13.542,151,2.1
2,21.819,14,152,3.552
2,21.498,14.185,153,2.1
2,21.077,14.116,154,2.1
2,21.343,12.922,155,3.551
2,21.457,12.851,156,3.62
2,20.327,13.463,157,3.686
2,19.458,12.645,158,2.1
2,19.5,13,159,3.55
2,19.372,13.48,160,4.707
3,32,14.35,0,4.794
3,32.243,14,1,4.74
3,31.872,14.873,2,4.794
3,31.75,15.404,3,4.763
3,31.674,15.964,4,4.74
3,31.055,15.831,5,4.582
3,31.06,15.173,6,4.74
3,30.632,14.488,7,4.763
3,29.882,14.418,8,4.763
3,29.738,14.618,9,4.708
3,30.118,15.118,10,4.582
3,30.757,14.757,11,4.582
3,30.48,14.483,12,4.705
3,30.164,14.836,13,4.74
3,30.762,14.727,14,4.685
3,30.605,14.93,15,4.685
3,31.064,14.936,16,4.74
3,31.043,14.675,17,4.685
3,30.244,14.986,18,4.582
3,29.939,14.799,19,4.708
3,29.556,14.733,20,4.821
3,29.244,14.759,21,4.707
3,28.243,14.757,22,4.582
3,28,14.35,23,4.794
3,28.168,14.296,24,4.794
3,28.601,13.854,25,4.685
3,28.549,14.171,26,3.969
3,27.75,14.404,27,4.763
3,27.882,13.954,28,4.687
3,27.482,13.96,29,4.578
3,27.698,13.748,30,4.763
3,27.155,13.728,31,4.708
3,26.679,13.591,32,4.708
3,25.745,12.616,33,4.794
3,25.504,12.238,34,3.618
3,25.167,12.135,35,4.794
3,24.437,12.332,36,4.822
3,23.927,12.006,37,3.619
3,23.673,11.955,38,3.618
3,23.647,11.705,39,4.707
3,24,11.883,40,3.62
3,23.92,11.38,41,3.722
3,24,11.65,42,4.794
3,23.951,12.622,43,4.763
3,24.077,13.06,44,4.794
3,24.683,13.396,45,4.707
3,24.867,13.052,46,3.973
3,24.343,13.078,47,3.551
3,24.284,13.243,48,4.794
3,24.803,13.526,49,3.722
3,24.205,13.695,50,4.708
3,23.985,13.35,51,2.1
3,24.589,13.411,52,4.794
3,25.094,14.268,53,3.722
3,25.343,14.078,54,3.551
3,25.673,14.045,55,3.618
3,26.346,14.515,56,2.1
3,26.766,14.729,57,3.722
3,27.842,15.052,58,3.619
3,28.63,14.612,59,3.722
3,29.014,14.946,60,3.618
3,28.356,14.734,61,4.794
3,29.146,15.467,62,3.722
3,28.286,16.246,63,2.1
3,28.286,16.754,64,2.1
3,27.92,17.62,65,3.722
3,28.318,17.854,66,3.618
3,28.88,17.509,67,4.763
3,28.156,18,68,4.794
3,27.833,17.736,69,3.619
3,27.186,17.952,70,3.617
3,27.782,18.155,71,4.794
3,27.594,18.369,72,4.707
3,27.844,18,73,4.794
3,28.219,18.204,74,4.708
3,28.156,17.887,75,3.619
3,27.484,17.211,76,2.1
3,26.745,16.616,77,4.794
3,26.546,16.866,78,3.722
3,25.986,17.054,79,3.618
3,26.695,16.792,80,3.723
3,26.108,16.191,81,4.857
3,26.293,15.866,82,2.1
3,26.839,15.067,83,3.621
3,27.476,14.524,84,4.794
3,27.524,15.476,85,4.794
3,27.457,15.851,86,3.62
3,28,16.117,87,3.62
3,27.92,15.38,88,3.722
3,28,15.5,89,4.708
3,27.66,15.542,90,2.1
3,27.842,15.052,91,3.619
3,27.189,15,92,3.619
3,25.882,15.582,93,4.763
3,26.08,16.62,94,3.722
3,25.681,16,95,3.62
3,26,15.5,96,2.1
3,26.875,14.851,97,3.62
3,27.854,14.467,98,3.722
3,27.057,14.207,99,3.723
3,27.51,13.704,100,3.619
3,27.923,14.811,101,3.62
3,27.681,15,102,3.62
3,28.343,15.667,103,4.707
3,27.347,16.453,104,3.618
3,26.92,16.38,105,3.722
3,26.723,15.675,106,2.1
3,26.319,16,107,3.62
3,25.863,15.353,108,3.683
3,25.943,15.207,109,3.723
3,25.045,15.011,110,2.1
3,25.071,14.666,111,3.723
3,25.709,15.138,112,3.723
3,25.921,15.101,113,3.619
3,25.227,15.099,114,2.1
3,24.803,15.526,115,3.722
3,24.92,15.62,116,3.722
3,24.847,16.211,117,3.724
3,25.277,15.675,118,2.1
3,25.927,14.939,119,3.62
3,26.673,14.955,120,3.618
3,27.351,15.363,121,2.1
3,27.709,15.138,122,3.723
3,27.509,15.438,123,4.794
4,36.168,22.104,0,4.772
4,35.678,21.791,1,3.722
4,34.738,22.382,2,4.708
4,34.436,21.238,3,2.1
4,34.509,20.734,4,3.722
4,34.127,20.662,5,4.794
4,34.006,20.5,6,4.763
4,34.218,18.708,7,4.707
4,34.6,18.365,8,4.794
4,34.757,18.757,9,4.582
4,34.788,19.409,10,3.722
4,33.673,19.955,11,3.618
4,33.516,19.789,12,2.1
4,33.829,19.8,13,3.618
4,33.613,19.403,14,3.618
4,32.938,20.062,15,3.912
4,32.949,19.698,16,4.708
4,32.353,19.081,17,4.685
4,32.625,19.467,18,3.722
4,33.11,19.789,19,4.794
4,32.628,20.48,20,4.707
4,32.638,20.312,21,3.619
4,32.793,20.714,22,3.721
4,32.986,20.946,23,3.618
4,33.506,20.643,24,4.705
4,33.882,20.418,25,4.763
4,33,19.883,26,3.62
4,33.226,19.503,27,4.763
4,32.5,20,28,3.619
4,31.634,19.406,29,2.1
4,32.474,19.803,30,3.722
4,31.353,19.178,31,3.547
4,29.98,19.934,32,3.551
4,30.378,20.229,33,4.794
4,30.873,19.257,34,4.708
4,31.498,19.185,35,2.1
4,31.136,19,36,3.55
4,30.622,18.868,37,3.619
4,31.673,18.955,38,3.618
4,31.891,20.058,39,2.1
4,32.075,20.24,40,4.763
4,32.105,20.367,41,2.1
4,32.681,21,42,3.62
4,32.874,20.745,43,4.707
4,32.348,20.759,44,3.722
4,31.86,20.752,45,4.739
4,31.76,20.444,46,4.794
4,32.03,19.566,47,4.762
4,32.148,19.315,48,4.814
4,31.952,19.167,49,4.74
4,32.694,19.128,50,4.772
4,31.86,19.248,51,4.739
4,32.128,19.484,52,4.794
4,31.834,19.631,53,2.1
4,31.794,19.137,54,3.548
4,31.965,18.752,55,3.722
4,32.681,19.052,56,3.618
4,33.738,18.637,57,4.794
4,33.348,18.641,58,4.822
4,34.929,18.666,59,3.723
4,35.482,18.515,60,3.617
4,36,18.744,61,3.723
4,35.893,19.429,62,4.794
4,35.844,20,63,4.794
4,35.416,19.64,64,2.1
4,36.077,18.887,65,4.821
4,35.946,19.255,66,4.794
4,35.796,20.084,67,4.822
4,35.774,20.031,68,4.74
4,35.893,20.429,69,4.794
4,36.476,20.96,70,3.619
4,37.071,21.192,71,4.708
4,36.507,21.866,72,2.1
4,36.689,21.107,73,3.62
4,37.379,20.579,74,3.618
4,37.738,21.382,75,4.708
4,37.852,21.315,76,4.814
4,37.766,22.094,77,4.685
4,38.257,22.852,78,4.74
4,37.241,23.464,79,4.762
4,36.372,22.52,80,4.707
4,37.08,22.62,81,3.722
4,37.174,22.432,82,4.839
4,36.844,22.208,83,4.772
4,37.986,22.391,84,4.794
4,38.214,21.764,85,4.763
4,38.204,21.611,86,4.705
4,37.906,21.383,87,4.684
4,38.466,21.877,88,4.739
4,37.994,22.5,89,4.763
4,38.304,22.486,90,4.794
4,38.057,23.207,91,3.723
4,38.476,22.524,92,4.794
4,38.482,22.485,94,3.617
4,38.296,22.49,95,3.619
4,38.49,22.296,96,3.619
4,38.262,22.382,97,4.708
4,39.251,22.168,98,4.048
4,39.589,22.589,99,4.794
4,39.707,21.866,100,2.1
4,39.55,21.477,101,3.683
4,39.901,21.923,102,3.55
4,39.738,22.382,103,4.708
4,39.253,22.401,104,4.763
4,39.786,22.236,105,4.763
4,40.874,21.237,106,2.1
4,41.39,20.558,107,4.763
4,41.304,20.919,108,3.618
4,40.647,21.295,109,4.707
4,40.925,20.76,110,4.763
4,40.85,21.022,111,4.739
4,41.832,21.19,112,4.578
4,42.47,21.378,113,4.574
4,42.146,21.533,114,3.722
4,42.139,21.522,115,4.707
4,43.084,21.481,116,4.582
4,43.319,21,117,3.62
4,42.626,21.503,118,4.708
4,42.709,21.138,119,3.723
4,44.029,21.773,120,4.794
4,43.799,22.254,121,3.722
4,44.049,21.973,122,3.618
4,44.814,21.502,123,2.1
4,44.839,21.067,124,3.621
4,45.372,20.52,125,4.707
4,45.741,18.465,126,4.838
4,45.886,18.187,127,4.814
4,45.839,18.022,128,2.1
4,45.005,17.5,129,2.1
4,45.611,17.861,130,4.708
4,45.226,18.497,131,4.763
4,45.223,18.269,132,4.685
4,45.107,18.429,133,4.794
4,45.107,18.429,134,4.794
4,45.105,18.367,135,2.1
4,45.316,18.909,136,3.619
4,45.681,19,137,3.62
4,45.349,18.543,138,3.722
4,45.839,19.067,139,3.621
4,45.701,19.279,140,4.794
4,45.08,19.38,141,3.722
4,45.689,19.492,142,3.939
4,46.632,19.794,143,4.707
4,46.798,20.335,144,3.618
4,47.118,20.582,145,4.763
4,47.811,21,146,3.619
4,47.781,21.796,147,4.708
4,47,20.736,148,4.708
4,47.368,20.512,149,4.763
4,47.717,20.589,150,4.762
4,48.611,21.451,151,4.794
4,48.362,21.732,152,4.763
4,49.138,22.383,153,4.763
4,49.064,22.064,154,4.74
4,49.372,22.48,155,4.707
4,49.243,21.757,156,4.582
4,50.118,21.582,157,4.763
4,50.516,20.869,158,4.578
4,51.384,20.148,159,4.739
4,51.675,19.833,160,4.578
4,51.632,19.488,161,4.763
4,51.223,19.049,162,4.772
4,51.507,19.543,163,4.707
4,52.072,19.856,164,3.722
4,51.363,20.196,165,3.619
4,51,18.976,166,3.55
4,51.687,19.038,167,2.1
4,51.96,18.614,168,4.763
4,52,19.117,169,3.62
4,52.439,18.762,170,4.683
4,52.53,18.819,171,3.618
4,52.061,18.79,172,4.794
4,51.065,19.168,173,4.794
4,50.887,19.714,174,4.687
4,49.63,20.388,175,3.722
4,50,20.35,176,4.794
4,50.344,20.202,177,4.763
4,50.708,19.826,178,3.722
4,49.986,19.946,179,3.618
4,50.625,19.645,180,4.763
4,50.894,19.886,181,4.74
4,50.994,19.5,182,4.763
4,50.267,19.565,183,4.794
4,49.437,19.174,184,3.722
4,48.193,18.502,185,4.794
4,48.466,17.877,186,4.739
4,48.194,18.29,187,4.815
4,48.401,18.268,188,4.763
5,22.476,17.333,0,4.763
5,22.261,17.014,1,4.763
5,21.914,16.91,2,4.704
5,22.283,16.612,3,2.1
5,22.651,16.485,4,4.705
5,22.426,16.252,5,4.762
5,21.759,16.861,6,4.763
5,21.204,16.781,7,4.708
5,20.991,16.811,8,4.763
5,20.753,16.874,9,4.838
5,20.926,17.149,10,4.685
5,20.982,17.331,11,4.707
5,20.716,16.811,12,4.707
5,20.174,16.292,13,3.722
5,20.118,16.331,14,4.707
5,19.732,16.599,15,4.763
5,20.178,16.626,16,4.794
5,19.864,15.899,17,4.822
5,19.526,15.864,18,4.763
5,20.083,15.556,19,4.705
5,19.92,15.851,20,3.722
5,20.118,16,21,3.912
5,21.047,16.133,22,4.763
5,21.261,16.084,23,4.763
5,21.185,16.336,24,4.708
5,21.474,16.803,25,3.722
5,22.036,16.423,26,3.618
5,22.463,16.85,27,4.763
5,22.861,16.478,28,4.707
5,23.211,16.428,29,3.721
5,23.376,16.336,30,4.707
5,23.411,16.411,31,4.794
5,24.033,15.687,32,4.578
5,23.918,15.253,33,3.969
5,23.729,14.959,34,4.822
5,23.496,14.502,35,3.617
5,23.407,14.619,36,3.721
5,22.794,14.609,37,4.838
5,23.252,14.426,38,4.762
5,23.692,14.273,39,3.966
5,24.194,14.506,40,4.702
5,24.4,14.685,41,4.704
5,25.332,14.963,42,3.616
5,25.403,14.551,43,3.719
5,24.733,14.422,44,4.762
5,25.192,14.315,45,4.704
5,25.319,14.512,46,4.704
5,25.988,14.501,47,4.707
5,25.5,15.003,48,3.617
5,26.022,14.304,49,4.705
5,25.49,13.655,50,3.616
5,25.509,14.447,51,3.72
5,25.593,14.381,52,3.721
5,24.966,14.267,53,4.763
5,24.859,14.313,54,4.763
5,25.327,14.639,55,4.763
5,24.809,14.598,56,4.821
5,24.521,14.698,57,4.839
5,24.008,14.331,58,4.821
5,23.742,14.016,59,4.708
5,24.141,13.982,60,4.708
5,23.822,14.226,61,3.969
5,23.997,14.181,62,3.722
5,23.932,14.636,63,4.705
5,23.991,14.501,64,4.794
5,24.075,15.296,65,4.822
5,24.457,15.651,66,3.722
5,24.613,15.387,67,3.62
5,25.018,15.331,68,4.707
5,25.191,16.07,69,4.74
5,26.038,15.736,70,3.722
5,26,15.5,71,4.708
5,25.828,15.396,72,4.763
5,26.411,15.589,73,4.794
5,26.156,16.542,74,4.707
5,26.201,16.746,75,3.722
5,26.204,16.431,76,4.763
5,26.229,16.394,77,4.705
5,25.716,15.811,78,4.707
5,25.396,16.262,79,4.794
5,26.474,16.208,80,4.763
5,25.857,16.343,81,4.705
5,26.296,16.502,82,3.721
5,26.558,16.684,83,4.794
5,25.333,17.476,84,4.763
5,25.961,17.447,85,4.704
5,26.087,17.273,86,4.763
5,25.224,17.374,87,4.763
5,25.353,17.295,88,4.707
5,26.081,17.249,89,3.722
5,25.786,17.236,90,4.763
5,25.925,18.24,91,4.763
5,25.781,18.281,92,4.705
5,25.084,18.263,93,4.763
5,24.86,17.489,94,2.1
5,24.276,18.21,95,3.722
5,24.134,18.914,96,3.617
5,24.328,19.297,97,4.794
5,24.354,19.503,98,4.704
5,24.423,19.314,99,4.704
5,24.862,19.383,100,4.763
5,25.011,19.5,101,4.762
5,24.92,19.38,102,3.722
5,25.054,19.229,103,4.763
5,25.299,19.279,104,4.794
5,25,20,105,4.74
5,24.861,20.04,106,4.794
5,24.994,19.412,107,4.762
5,25.12,18.491,108,4.763
5,24.422,18.34,109,4.763
5,25.134,17.914,110,3.617
5,25.182,17.838,111,3.617
5,25.858,18.123,112,4.707
5,25.228,18.794,113,4.794
5,24.725,18.512,114,4.762
5,24.22,17.754,115,2.1
5,23.387,17.166,116,4.794
5,23.316,16.968,117,4.794
5,23.798,17.647,118,2.1
5,24.186,17.048,119,3.617
5,23.698,17.082,120,3.722
5,23.842,16.948,121,3.619
5,24.764,16.628,122,4.794
5,23.75,17.33,123,4.794
5,24.032,17.08,124,3.618
5,24.191,17.374,125,2.1
5,23.989,17.5,126,4.762
5,23.851,18.08,127,3.722
5,23.766,18.271,128,3.722
5,23.997,18.181,129,3.722
5,24.437,18.29,130,2.1
5,24.237,17.797,131,3.62
5,24.132,18.126,132,3.722
5,23.481,17.963,133,3.722
5,24.316,17.421,134,4.794
5,24.379,17.125,135,2.1
5,23.795,16.983,136,3.619
5,24.153,16.789,137,3.724
5,23.731,16.643,138,3.619
5,23.444,16.267,139,4.821
5,23.237,15.797,140,3.62
5,23.909,15.665,141,3.722
5,24.277,15.675,142,2.1
5,24.333,15.698,143,4.707
5,24.844,16.009,144,3.619
5,24.319,16,145,3.62
5,25.146,15.047,146,2.1
5,25.068,15.119,147,3.619
5,25.155,15.633,148,3.681
5,26.267,15.444,149,4.821
5,26.321,15.869,150,3.973
5,26.304,16.001,151,4.582
5,26.114,16.179,152,4.763
5,26.342,17.346,153,4.822
5,26.038,16.656,154,4.762
5,25.86,16.175,155,3.722
5,25.844,15.887,156,3.619
5,26.277,16.049,157,3.722
5,27.029,16.754,158,2.1
5,26.632,17.206,159,4.707
5,26.191,17.803,160,4.822
5,26.384,17.959,161,3.721
5,26.564,17.22,162,2.1
5,26.751,17.802,163,4.794
5,27.368,17.536,164,4.701
5,27.241,18.079,165,4.822
5,27.9,17.897,166,4.705
5,27.228,17.794,167,4.794
5,27.118,17.407,168,4.794
5,27.763,16.928,169,4.705
5,27.485,16.651,170,4.705
5,28.228,16.496,171,4.794
5,28.865,16.39,172,4.794
5,29.322,16.565,173,3.721
5,29.253,16.973,174,4.705
5,29.706,17.503,175,4.822
5,30.22,18.05,176,4.762
5,30.321,18.238,177,4.705
5,30.509,18.307,178,4.705
5,30.523,17.512,179,4.702
5,31.161,16.972,180,4.794
5,30.435,16.966,181,4.794
5,30.637,17.075,182,3.616
5,31.316,16.968,183,4.794
5,32.144,17.541,184,2.1
5,32.603,17.576,185,4.763
5,32.615,17.209,186,2.1
5,32.362,16.688,187,3.619
5,32.43,16.827,188,3.617
5,31.464,17.756,189,3.617
5,31.327,17.045,190,3.618
5,31.237,16.544,191,4.794
5,31.238,15.522,192,2.1
5,31.708,14.826,193,3.722
5,31.894,15.043,194,4.578
5,31.951,15.027,195,3.618
5,32.589,14.589,196,4.794
5,32.944,14.208,197,3.723
5,33.201,14.456,198,4.821
5,32.589,14.411,199,4.794
5,32.403,13.795,200,3.619
5,32.487,13.487,201,3.619
5,32.513,13.487,202,3.619
5,32.639,13.772,203,3.62
5,32.692,12.92,204,3.621
5,33.188,12.697,205,2.1
5,33.021,12.643,206,2.1
5,33.475,13.352,207,2.1
5,34.319,13.234,208,3.621
5,34.032,13.848,209,4.794
5,34.357,13.731,210,3.619
5,34.789,14.119,211,4.794
5,34.859,13.713,212,3.617
5,36.063,12.726,213,3.619
5,36.387,12.387,214,3.62
5,36.343,12.078,215,3.551
5,36.411,11.589,216,4.794
5,36.882,12.418,217,4.763
5,37.024,12.383,218,4.708
5,36.882,12.418,219,4.763
5,36.733,12.444,220,4.821
5,37.648,12.73,221,3.722
5,38.296,12.49,222,3.619
6,4.706,18.66,0,3.722
6,5.187,18.356,1,2.1
6,6.5,18.077,2,3.617
6,6.082,18.62,3,3.722
6,7.475,17.917,4,2.1
6,7.5,18,5,3.55
6,7.766,18.319,6,3.621
6,8.412,19.153,7,3.55
6,7.502,19.815,8,2.1
6,7.792,19.294,9,2.1
6,7.5,18.995,10,2.1
6,7.739,19.234,11,2.1
6,8.2,18.948,12,2.1
6,7.467,18.64,13,2.1
6,6.5,19,14,3.619
6,7.343,18.922,15,3.551
6,7.222,19.065,16,3.62
6,7.493,19.5,17,4.738
6,7.316,19.968,18,4.794
6,7.468,19.516,19,2.1
6,8.109,19.484,20,2.1
6,7.827,19.306,21,2.1
6,7.99,19.861,22,3.723
6,8.59,19.769,23,3.55
6,9,20,24,3.62
6,9.082,20.759,25,3.619
6,8.078,20.343,26,3.551
6,7.483,20.623,27,2.1
6,7.859,20.687,28,4.763
6,8.453,20.775,29,3.618
6,8.632,20.206,30,4.707
6,9,19.661,31,2.1
6,8.988,19.349,32,2.1
6,9.319,19,33,3.62
6,9.566,19.064,34,2.1
6,9.599,19.504,35,4.231
6,9.628,18.52,36,4.707
6,9.524,18.524,37,4.794
6,9.643,18.269,38,3.619
6,9.844,17.861,39,3.62
6,10.304,18.795,40,2.1
6,9.844,18.009,41,3.619
6,10.352,18.27,42,3.722
6,11.522,18.514,43,2.1
6,11.33,18.931,44,3.62
6,11.899,18.141,45,2.1
6,12.35,17.637,46,2.1
6,12.013,17.777,47,3.621
6,11.181,19,48,3.552
6,11.563,18.258,49,2.1
6,11.976,18.371,50,4.22
6,13.264,17.767,51,2.1
6,13.464,17.689,52,3.573
6,13.605,17.516,53,2.1
6,13.923,17.884,54,2.1
6,14.199,17.449,55,2.1
6,14.507,16.779,56,3.551
6,14.4,16.725,57,2.1
6,14.442,16.822,58,2.1
6,14.762,16.586,59,3.619
6,15.476,15.96,60,3.619
6,16.268,15.74,61,4.739
6,16.911,15.482,62,3.722
6,17.299,15.568,63,3.497
6,17.398,15.726,64,3.617
6,17.33,15.931,65,3.62
6,16.624,16.139,66,2.1
6,17.363,16.071,67,3.618
6,17.943,15.699,68,3.548
6,17.709,15.138,69,3.723
6,18.139,15.184,70,3.722
6,17.732,15.094,71,3.722
6,17.684,15.091,72,3.619
6,16.613,14.613,73,3.62
6,15.709,14.138,74,3.723
6,14.647,13.685,75,3.548
6,14.626,14.497,76,4.708
6,14.477,14.568,77,4.794
6,14.589,15.411,78,4.794
6,14.525,15.475,79,2.1
6,14.138,16.291,80,3.723
6,14.352,15.475,81,2.1
6,14.143,16.079,82,3.724
6,14.589,16.411,83,4.794
6,15.167,15.717,84,2.1
6,15.355,15.542,85,2.1
6,15.149,15.543,86,3.62
6,15.41,15.231,87,3.55
6,15.37,15.612,88,3.722
6,15.124,15.204,89,3.722
6,15.303,15.168,90,2.1
6,15.359,15.334,91,3.682
6,16.161,14.067,92,3.621
6,16.602,14.376,93,4.794
6,16.675,13.482,94,2.1
6,16.543,14.149,95,3.62
6,16.475,13.917,96,2.1
6,16.498,13.185,97,2.1
6,15.861,14.184,98,3.722
6,15.895,14.366,99,2.1
6,15.839,13.933,100,3.621
6,15.349,13.457,101,3.722
6,15.428,13.468,102,2.1
6,16.127,13.451,103,2.1
6,16.682,13.072,104,2.1
6,16.217,13.187,105,3.548
6,17.374,13.503,106,4.708
6,17.359,13.308,107,3.685
6,18.213,13.607,108,4.74
6,18.952,13.215,109,4.74
6,19.839,12.933,110,3.621
6,19.52,12.273,111,2.1
6,19.324,12.847,112,2.1
6,19.888,12.589,113,4.794
6,20.064,12.414,114,4.794
6,20.061,12.168,115,2.1
6,20,13,116,3.62
6,20.086,12.361,117,3.62
6,19.243,12.828,118,3.547
6,19.914,12.361,119,3.62
6,20.11,12.493,120,4.874
6,20.201,12.254,121,3.722
6,20.818,11.874,122,3.55
6,21.161,12.067,123,3.621
6,21.673,12.545,124,2.1
6,21.846,12.752,125,3.551
6,22.051,12.698,126,4.708
6,22.496,13.566,127,4.74
6,22.319,14,128,3.62
6,23.161,14.067,129,3.621
6,22.49,14.704,130,3.619
6,22.719,14.167,131,3.62
6,22.411,14.411,132,4.794
6,22.411,14.411,133,4.794
6,22.183,14,134,4.857
6,20.935,14.037,135,2.1
6,22.161,14.067,136,3.621
6,21.382,14.311,137,3.62
6,21.457,13.851,138,3.62
6,21.327,13.955,139,3.618
6,20.762,13.478,140,2.1
6,20.842,13.229,141,2.1
6,20.643,12.731,142,3.619
6,20.707,12.866,143,2.1
6,20.697,13.168,144,2.1
6,20.448,13.452,145,4.794
6,20.732,13.094,146,3.722
6,20.343,13.922,147,3.551
6,20.118,13.908,148,3.619
6,20.291,14.138,149,3.723
6,20.466,14.804,150,3.55
6,20.345,15.083,151,2.1
6,19.845,15.487,152,2.1
7,43.506,28.506,0,2.1
7,43.977,29.233,1,4.794
7,43.621,28.579,2,3.618
7,44.324,28.676,3,2.1
7,43.621,28.579,4,3.618
7,43.319,29.052,5,3.618
7,43.493,29.494,6,3.722
7,42.728,29.611,7,3.547
7,42.745,29.38,8,4.794
7,42.259,29.627,9,3.617
7,42.714,30.234,10,4.794
7,42.948,30.158,11,3.619
7,43.266,31.188,12,2.1
7,42.83,31.237,13,4.857
7,42.995,31.278,14,2.1
7,43.083,31.535,15,2.1
7,42.645,31.226,16,4.857
7,41.769,31.319,17,2.1
7,41.5,30.493,18,4.738
7,42.431,30.528,19,3.681
7,42.662,31.138,20,2.1
7,42.666,30.861,21,2.1
7,42.79,30.398,22,2.1
7,43.038,30.687,23,2.1
7,42.861,30.666,24,2.1
7,42.24,31.386,25,3.72
7,41.399,31.919,26,2.1
7,40.701,31.91,27,2.1
7,41.954,31.617,28,3.682
7,41.348,31.23,29,2.1
7,41.556,31.455,30,4.794
7,41.472,31.49,31,2.1
7,40.788,31.494,32,2.1
7,40.853,31.232,33,2.1
7,40.722,30.861,34,3.616
7,41.127,31.167,35,2.1
7,42.038,31.075,36,3.616
7,42.212,31.494,37,2.1
7,41.788,30.506,38,2.1
7,42.577,31.074,39,3.617
7,42.583,30.864,40,3.618
7,42.646,31.021,41,3.548
7,41.665,29.746,42,4.74
7,41.12,29.217,43,2.1
7,40.826,28.58,44,2.1
7,39.707,28.866,45,2.1
7,40.511,28.609,46,4.794
7,40.09,28.235,47,2.1
7,39.883,27.916,48,2.1
7,39.684,27.579,49,4.794
7,39.583,27.971,50,2.1
7,40.319,28,51,3.62
7,40.665,27.746,52,4.74
7,40.67,28.069,53,3.62
7,40.493,27.841,54,2.1
7,40.293,27.134,55,2.1
7,39.689,27.107,56,3.62
7,39.845,26.487,57,2.1
7,40.483,26.377,58,2.1
7,40.648,27.27,59,3.722
7,41.194,27.325,60,2.1
7,42,27.5,61,2.1
7,42.49,26.704,62,3.619
7,42.343,25.922,63,3.551
7,42.74,25.538,64,2.1
7,43,26,65,3.62
7,42.74,26.462,66,2.1
7,42.929,27.334,67,3.723
7,42.613,27.613,68,3.62
7,42.657,27.922,69,3.551
7,42.475,27.917,70,2.1
7,42.648,27.525,71,2.1
7,42.423,27.289,72,2.1
7,42.305,27.489,73,2.1
7,40.863,26.647,74,3.683
7,40.696,26.987,75,3.618
7,41.161,27.933,76,3.621
7,41,28,77,3.622
7,40.845,28.615,78,2.1
7,40.777,28.432,79,3.547
7,41,28,80,3.62
7,40.449,28.106,81,2.1
7,40.183,27.988,82,3.55
7,39.009,28.79,83,2.1
7,39.214,28.193,84,2.1
7,38.402,27.85,85,2.1
7,38.668,28.311,86,3.568
7,38.205,28.91,87,2.1
7,38.055,29.187,88,2.1
7,38,28.5,89,2.1
7,38.522,28.486,90,2.1
7,38,28,91,2.1
7,37.96,28.353,92,2.1
7,37.822,29.057,93,2.1
7,37.137,29.297,94,3.5
7,38.168,28.939,95,2.1
7,37.899,30.123,96,2.1
7,37.79,29.943,97,2.1
7,38.566,30.496,98,4.74
7,38.866,30.493,99,2.1
7,38.814,29.813,100,3.546
7,38.231,30.022,101,2.1
7,38.672,30.051,102,2.1
7,38.494,30.494,103,2.1
7,38.591,30.4,104,3.619
7,38,29.5,105,3.55
7,37.929,28.785,106,3.55
7,38.256,28.732,107,2.1
7,38.491,29.647,108,3.683
7,38.416,28.749,109,2.1
7,38.782,28.194,110,2.1
7,38.647,28.491,111,3.683
7,37.944,28.624,112,3.618
7,38.5,28.005,113,2.1
7,38.071,28.366,114,3.62
7,38.487,28.487,115,3.619
7,39.143,28.079,116,3.724
7,39.498,27.815,117,2.1
7,39.343,28.078,118,3.551
7,39.475,28.475,119,2.1
7,40.208,28.294,120,2.1
7,40.351,28.439,121,3.62
7,40.458,28.645,122,2.1
7,40.851,29.457,123,3.62
7,40.632,29.632,124,3.497
7,40.377,28.517,125,2.1
7,40.231,28.41,126,3.55
7,40.165,27.835,127,3.622
7,40.657,27.922,128,3.551
7,40.558,28.178,129,2.1
7,40.293,27.866,130,2.1
7,39.59,27.66,131,2.1
7,39,28,132,3.62
7,38.324,27.847,133,2.1
7,37.2,27.744,134,2.1
7,37.737,27.805,135,2.1
7,38.355,27.902,136,2.1
7,38.375,27.909,137,2.1
7,38.066,27.325,138,2.1
7,38.3,27.985,139,2.1
7,38.5,27.995,140,2.1
7,38.657,27.922,141,3.551
7,39.027,27.674,142,2.1
7,39.818,27.874,143,3.55
7,40.061,27.168,144,2.1
7,40.343,27.078,145,3.551
7,39.847,26.789,146,3.724
7,40,26.256,147,3.723
7,40.681,27,148,3.62
7,40.547,26.701,149,2.1
7,41.087,26.871,150,3.619
7,41.056,26.624,151,3.618
7,41.021,26.424,152,2.1
7,40.319,26.948,153,3.618
7,41.293,27.134,154,2.1
7,40.649,27.363,155,2.1
7,40.657,27.078,156,3.551
7,40.74,27.462,157,2.1
7,41.242,27.224,158,2.1
7,41.809,28.236,159,2.1
7,42.359,28.543,160,2.1
7,42.26,28.609,161,2.1
7,43.209,28.601,162,3.681
7,43.33,28.202,163,4.839
7,43.329,28.056,164,3.68
7,42.74,27.538,165,2.1
7,42.218,26.946,166,4.738
7,43.227,26.868,167,2.1
7,43.302,26.989,168,2.1
7,44.118,27.752,169,2.1
7,43.83,27.636,170,4.737
7,43.935,27.439,171,4.839
7,42.724,27.405,172,2.1
7,42.74,27.462,173,2.1
7,44.218,26.29,174,2.1
7,44.014,26.83,175,2.1
7,44.948,26.642,176,4.794
7,45.501,26.993,177,2.1
7,46.204,26.931,178,3.617
7,46.038,25.925,179,3.616
7,46.219,25.965,180,3.615
7,45.855,26.779,181,2.1
7,45.971,27.479,182,4.794
7,46.261,27.424,183,4.738
7,46.164,27.039,184,3.617
7,46.898,26.816,185,2.1
7,46.66,26.894,186,3.615
7,46.148,27.453,187,2.1
7,45.968,27.921,188,2.1
7,46.094,27.993,189,2.1
7,45.695,28.489,190,2.1
7,45.803,28.851,191,2.1
7,45.803,28.851,192,2.1
7,45.319,28.948,193,3.618
7,45.519,27.632,194,4.739
7,46.436,27.78,195,2.1
